2008,1,1,0,0,0,0.44,7.91,64.951
2008,1,1,3,0,0,0.5,7.9,113.32
2008,1,1,6,0,0,0.49,7.81,106.9
2008,1,1,9,0,0,0.44,7.77,109.71
2008,1,1,12,0,0,0.47,7.6,120.28
2008,1,1,15,0,0,0.43,7.75,90.751
2008,1,1,18,0,0,0.6,4.03,18.231
2008,1,1,21,0,0,0.65,4.44,157.61
2008,1,2,0,0,0,1.27,4.95,144.43
2008,1,2,3,0,0,1.53,4.92,134.99
2008,1,2,6,0,0,1.63,6.53,124.12
2008,1,2,9,0,0,1.43,4.91,132.44
2008,1,2,12,0,0,1.2,4.93,122.59
2008,1,2,15,0,0,1.18,4.75,132.9
2008,1,2,18,0,0,1.2,4.28,153.66
2008,1,2,21,0,0,1.36,4.9,141.05
2008,1,3,0,0,0,1.53,4.9,141.75
2008,1,3,3,0,0,1.55,6.57,110.85
2008,1,3,6,0,0,1.53,6.42,124.43
2008,1,3,9,0,0,1.57,6.11,117.44
2008,1,3,12,0,0,1.85,6.4,134.51
2008,1,3,15,0,0,1.82,5.35,127.77
2008,1,3,18,0,0,1.78,5.46,126.6
2008,1,3,21,0,0,1.61,5.68,131.16
2008,1,4,0,0,0,1.7,5.4,110.78
2008,1,4,3,0,0,1.63,8,110.08
2008,1,4,6,0,0,1.85,9.77,119.12
2008,1,4,9,0,0,1.62,9.75,113.65
2008,1,4,12,0,0,1.53,9.68,119.64
2008,1,4,15,0,0,1.45,10.03,129.82
2008,1,4,18,0,0,1.62,9.89,124.93
2008,1,4,21,0,0,1.33,9.63,120.49
2008,1,5,0,0,0,1.59,9.21,111.76
2008,1,5,3,0,0,1.42,9.13,118.56
2008,1,5,6,0,0,1.32,8.4,134.49
2008,1,5,9,0,0,1.32,8.86,106.91
2008,1,5,12,0,0,1.19,4.45,106.82
2008,1,5,15,0,0,1.24,8.65,98.971
2008,1,5,18,0,0,1.49,6.09,111.31
2008,1,5,21,0,0,1.06,8.87,131.64
2008,1,6,0,0,0,1.05,6.55,119.48
2008,1,6,3,0,0,1.24,8.41,67.221
2008,1,6,6,0,0,1.17,9.21,100.01
2008,1,6,9,0,0,1.11,8.98,119.9
2008,1,6,12,0,0,1.04,9.1,98.801
2008,1,6,15,0,0,0.89,8.79,101.7
2008,1,6,18,0,0,0.95,9.68,92.131
2008,1,6,21,0,0,0.92,7.97,124.46
2008,1,7,0,0,0,1.01,4.65,167.6
2008,1,7,3,0,0,1.17,5.33,128.37
2008,1,7,6,0,0,1.09,4.55,94.081
2008,1,7,9,0,0,0.98,6.08,104.09
2008,1,7,12,0,0,0.88,7.36,125.34
2008,1,7,15,0,0,0.9,8.05,126.27
2008,1,7,18,0,0,0.95,8.8,127.77
2008,1,7,21,0,0,1,4.26,70.861
2008,1,8,0,0,0,0.89,4.7,71.501
2008,1,8,3,0,0,1.1,5.18,105.61
2008,1,8,6,0,0,0.96,5.24,112.13
2008,1,8,9,0,0,0.83,4.79,91.841
2008,1,8,12,0,0,0.88,7.67,150.56
2008,1,8,15,0,0,0.77,7.98,78.621
2008,1,8,18,0,0,0.78,4.7,94.351
2008,1,8,21,0,0,0.9,7.34,112.23
2008,1,9,0,0,0,0.77,7.82,317.94
2008,1,9,3,0,0,0.78,6.98,129.96
2008,1,9,6,0,0,0.8,7.12,91.711
2008,1,9,9,0,0,0.69,7.64,116.32
2008,1,9,12,0,0,0.71,7.69,118.2
2008,1,9,15,0,0,0.87,6.94,112.09
2008,1,9,18,0,0,0.82,6.86,111.99
2008,1,9,21,0,0,0.82,8.07,122.91
2008,1,10,0,0,0,0.81,7.84,64.081
2008,1,10,3,0,0,0.75,7.92,74.381
2008,1,10,6,0,0,0.78,8.05,114.96
2008,1,10,9,0,0,0.84,7.73,68.801
2008,1,10,12,0,0,0.8,8.02,121.15
2008,1,10,15,0,0,0.88,7.84,121.82
2008,1,10,18,0,0,0.7,8.36,107.66
2008,1,10,21,0,0,0.71,8.05,33.231
2008,1,11,0,0,0,0.8,9.08,109.79
2008,1,11,3,0,0,0.71,8.87,92.791
2008,1,11,6,0,0,0.89,8.38,89.591
2008,1,11,9,0,0,0.87,8.45,118.01
2008,1,11,12,0,0,0.8,8.43,112.78
2008,1,11,15,0,0,0.7,8.77,134.33
2008,1,11,18,0,0,1.04,8.42,86.181
2008,1,11,21,0,0,0.86,8.32,84.391
2008,1,12,0,0,0,0.77,8.41,149.59
2008,1,12,3,0,0,0.75,8.22,108.16
2008,1,12,6,0,0,0.83,8.27,134.73
2008,1,12,9,0,0,0.82,8.45,90.661
2008,1,12,12,0,0,0.64,9.07,105.32
2008,1,12,15,0,0,0.61,9.12,102.25
2008,1,12,18,0,0,0.83,9.01,90.711
2008,1,12,21,0,0,0.7,8.86,138.9
2008,1,13,0,0,0,0.7,9.2,102.14
2008,1,13,3,0,0,0.72,9.05,86.661
2008,1,13,6,0,0,0.61,9.13,91.841
2008,1,13,9,0,0,0.66,8.49,123.93
2008,1,13,12,0,0,0.65,8.46,116.55
2008,1,13,15,0,0,0.69,8.47,93.361
2008,1,13,18,0,0,0.71,9.03,120.86
2008,1,13,21,0,0,0.63,8.11,102.93
2008,1,14,0,0,0,0.64,8.49,143.76
2008,1,14,3,0,0,0.57,8.47,178.58
2008,1,14,6,0,0,0.48,9,175.9
2008,1,14,9,0,0,0.95,4.22,149.57
2008,1,14,12,0,0,0.94,4.92,142.92
2008,1,14,15,0,0,0.84,4.17,118.57
2008,1,14,18,0,0,0.78,4.25,164.09
2008,1,14,21,0,0,0.95,7.98,87.391
2008,1,15,0,0,0,0.95,4.37,81.321
2008,1,15,3,0,0,0.86,7.83,101.37
2008,1,15,6,0,0,0.89,7.39,142.74
2008,1,15,9,0,0,0.99,4.17,132.21
2008,1,15,12,0,0,0.87,7.49,90.231
2008,1,15,15,0,0,0.73,4.09,92.721
2008,1,15,18,0,0,0.66,4.44,169.92
2008,1,15,21,0,0,0.69,7.38,129.43
2008,1,16,0,0,0,0.59,4.15,189.1
2008,1,16,3,0,0,0.56,7.39,39.271
2008,1,16,6,0,0,0.59,4.23,178.04
2008,1,16,9,0,0,0.71,6.3,94.891
2008,1,16,12,0,0,0.99,3.99,354.1
2008,1,16,15,0,0,1.03,4.34,105.32
2008,1,16,18,0,0,0.99,4.8,106.39
2008,1,16,21,0,0,1.2,5.16,71.791
2008,1,17,0,0,0,1.39,5.78,103.42
2008,1,17,3,0,0,1.52,5.88,98.761
2008,1,17,6,0,0,1.33,6.44,96.231
2008,1,17,9,0,0,1.3,5.9,112.5
2008,1,17,12,0,0,1.27,6.47,101.41
2008,1,17,15,0,0,1.02,6.9,98.351
2008,1,17,18,0,0,0.9,6.88,68.221
2008,1,17,21,0,0,0.99,6.62,108.43
2008,1,18,0,0,0,0.78,7.61,104.63
2008,1,18,3,0,0,0.68,7.21,128.98
2008,1,18,6,0,0,0.63,7.76,107.14
2008,1,18,9,0,0,0.59,6.74,81.111
2008,1,18,12,0,0,0.68,8.33,156.8
2008,1,18,15,0,0,0.58,7.46,149.42
2008,1,18,18,0,0,0.58,8.03,88.071
2008,1,18,21,0,0,0.55,8.33,94.931
2008,1,19,0,0,0,0.56,7.1,59.871
2008,1,19,3,0,0,0.62,8.49,84.831
2008,1,19,6,0,0,0.6,7.81,63.371
2008,1,19,9,0,0,0.58,8.95,114.45
2008,1,19,12,0,0,0.56,9.13,100.18
2008,1,19,15,0,0,0.6,9.85,136.99
2008,1,19,18,0,0,0.83,4.67,70.841
2008,1,19,21,0,0,0.64,10.07,125.45
2008,1,20,0,0,0,0.63,4.68,41.241
2008,1,20,3,0,0,0.42,9.57,31.641
2008,1,20,6,0,0,1.85,5.19,151.52
2008,1,20,9,0,0,1.85,6.47,132.51
2008,1,20,12,0,0,1.98,5.17,141.01
2008,1,20,15,0,0,1.62,7.48,124.48
2008,1,20,18,0,0,1.75,5.52,137.48
2008,1,20,21,0,0,1.45,4.66,144.65
2008,1,21,0,0,0,1.39,5.43,91.891
2008,1,21,3,0,0,1.49,5.14,119.66
2008,1,21,6,0,0,1.7,5.04,103.28
2008,1,21,9,0,0,1.9,5.57,112.7
2008,1,21,12,0,0,1.7,5.19,115.96
2008,1,21,15,0,0,1.68,7.5,128.16
2008,1,21,18,0,0,1.56,8.08,119.23
2008,1,21,21,0,0,1.95,6.87,121.61
2008,1,22,0,0,0,1.59,7.22,120.33
2008,1,22,3,0,0,2.06,6.09,115.66
2008,1,22,6,0,0,1.67,6.74,113.16
2008,1,22,9,0,0,1.56,7.11,123.43
2008,1,22,12,0,0,1.41,7.24,105.16
2008,1,22,15,0,0,1.49,6.99,106.2
2008,1,22,18,0,0,1.51,7.41,113.82
2008,1,22,21,0,0,1.23,6.97,115.97
2008,1,23,0,0,0,1.12,7.34,125.34
2008,1,23,3,0,0,1.16,7.37,100.19
2008,1,23,6,0,0,1.34,7.93,103.48
2008,1,23,9,0,0,1.13,7.37,106.79
2008,1,23,12,0,0,1.04,7.93,139.89
2008,1,23,15,0,0,1.03,7.85,98.391
2008,1,23,18,0,0,1.07,7.94,74.201
2008,1,23,21,0,0,0.99,8.02,110.17
2008,1,24,0,0,0,1,7.95,98.741
2008,1,24,3,0,0,1.08,7.42,122.13
2008,1,24,6,0,0,0.92,8.04,126.26
2008,1,24,9,0,0,0.97,8.12,157.4
2008,1,24,12,0,0,0.83,7.79,96.611
2008,1,24,15,0,0,0.9,7.96,97.981
2008,1,24,18,0,0,0.76,8.35,104.55
2008,1,24,21,0,0,0.97,4.01,82.561
2008,1,25,0,0,0,1.24,5.42,134.82
2008,1,25,3,0,0,1.59,4.79,136.88
2008,1,25,6,0,0,1.67,6.12,134.05
2008,1,25,9,0,0,1.46,5.3,126.34
2008,1,25,12,0,0,1.16,7.81,119.69
2008,1,25,15,0,0,1.59,8.08,110.24
2008,1,25,18,0,0,1.32,8.03,106.58
2008,1,25,21,0,0,1.1,7.96,101.89
2008,1,26,0,0,0,1.12,7.9,117.99
2008,1,26,3,0,0,1,7.95,123.81
2008,1,26,6,0,0,1.12,7.85,126.15
2008,1,26,9,0,0,0.99,8.43,115.05
2008,1,26,12,0,0,0.89,9.74,113.45
2008,1,26,15,0,0,0.95,9.38,123.51
2008,1,26,18,0,0,0.99,9.67,93.231
2008,1,26,21,0,0,1.05,9.81,108.1
2008,1,27,0,0,0,0.9,10.2,127.76
2008,1,27,3,0,0,0.96,10.27,113.53
2008,1,27,6,0,0,1,9.95,113.53
2008,1,27,9,0,0,1.16,4.4,133.42
2008,1,27,12,0,0,1.39,5.13,143.75
2008,1,27,15,0,0,1.4,4.45,140.8
2008,1,27,18,0,0,1.2,9.85,121.89
2008,1,27,21,0,0,1.29,9.13,120.13
2008,1,28,0,0,0,1.13,9.87,91.221
2008,1,28,3,0,0,1.16,10.14,83.481
2008,1,28,6,0,0,1.08,9.9,108.9
2008,1,28,9,0,0,0.95,9.54,107.31
2008,1,28,12,0,0,1.08,9.26,115.66
2008,1,28,15,0,0,0.85,9.43,80.991
2008,1,28,18,0,0,0.95,6.35,168.26
2008,1,28,21,0,0,0.99,8.76,102.69
2008,1,29,0,0,0,0.99,8.52,124.59
2008,1,29,3,0,0,0.86,9.03,68.901
2008,1,29,6,0,0,0.96,7.98,122.35
2008,1,29,9,0,0,1.07,8.5,126.75
2008,1,29,12,0,0,0.99,11.17,91.801
2008,1,29,15,0,0,0.87,11.18,129.48
2008,1,29,18,0,0,0.87,10.2,84.961
2008,1,29,21,0,0,0.92,10.29,109.6
2008,1,30,0,0,0,0.89,10.22,63.111
2008,1,30,3,0,0,0.75,10.11,107.28
2008,1,30,6,0,0,0.64,10.24,107.73
2008,1,30,9,0,0,0.74,10.6,86.151
2008,1,30,12,0,0,0.68,10.05,136.21
2008,1,30,15,0,0,0.55,11,90.121
2008,1,30,18,0,0,0.6,10.39,61.431
2008,1,30,21,0,0,0.46,9.74,94.071
2008,1,31,0,0,0,0.68,10.92,155.59
2008,1,31,3,0,0,0.61,11.12,96.271
2008,1,31,6,0,0,0.63,11.16,66.061
2008,1,31,9,0,0,0.55,11.89,115.66
2008,1,31,12,0,0,0.64,10.16,91.951
2008,1,31,15,0,0,0.61,11.22,148.36
2008,1,31,18,0,0,0.71,11.26,144.35
2008,1,31,21,0,0,0.76,10.95,49.171
2008,2,1,0,0,0,0.97,4.45,167.29
2008,2,1,3,0,0,0.94,4.8,117.7
2008,2,1,6,0,0,0.85,11.12,126.39
2008,2,1,9,0,0,0.74,10.79,69.101
2008,2,1,12,0,0,0.84,10.45,123.06
2008,2,1,15,0,0,0.87,10.86,106.54
2008,2,1,18,0,0,0.89,10.17,134.28
2008,2,1,21,0,0,0.7,10.03,72.251
2008,2,2,0,0,0,0.64,10.01,118.28
2008,2,2,3,0,0,0.59,9.93,51.951
2008,2,2,6,0,0,0.62,9.84,109.63
2008,2,2,9,0,0,0.62,9.85,130.4
2008,2,2,12,0,0,0.65,9.76,87.911
2008,2,2,15,0,0,0.67,9.89,173.82
2008,2,2,18,0,0,0.62,9.18,101.71
2008,2,2,21,0,0,0.67,9.16,86.211
2008,2,3,0,0,0,0.63,7.83,85.021
2008,2,3,3,0,0,0.65,8.91,152.21
2008,2,3,6,0,0,0.85,8.87,128.31
2008,2,3,9,0,0,0.88,8.48,125.96
2008,2,3,12,0,0,0.85,8.72,128.91
2008,2,3,15,0,0,0.74,8.58,117.46
2008,2,3,18,0,0,0.8,8.86,116.69
2008,2,3,21,0,0,0.64,8.27,175.49
2008,2,4,0,0,0,0.73,8.21,109.16
2008,2,4,3,0,0,0.83,9.05,99.201
2008,2,4,6,0,0,0.7,8.36,135.25
2008,2,4,9,0,0,0.64,8.05,116.17
2008,2,4,12,0,0,0.59,8.4,82.911
2008,2,4,15,0,0,0.69,9.15,126.28
2008,2,4,18,0,0,0.71,8.95,92.211
2008,2,4,21,0,0,0.73,8.99,92.921
2008,2,5,0,0,0,0.8,9.06,124.62
2008,2,5,3,0,0,0.72,8.45,122.46
2008,2,5,6,0,0,0.78,8.4,133.37
2008,2,5,9,0,0,0.74,8.98,117.76
2008,2,5,12,0,0,0.66,9,135.4
2008,2,5,15,0,0,0.8,8.98,111.94
2008,2,5,18,0,0,0.71,8.75,105.36
2008,2,5,21,0,0,0.7,8.47,102.13
2008,2,6,0,0,0,0.81,8.93,96.011
2008,2,6,3,0,0,0.76,9,97.041
2008,2,6,6,0,0,0.95,4.12,18.131
2008,2,6,9,0,0,0.95,9.14,116.79
2008,2,6,12,0,0,0.78,11.29,107.7
2008,2,6,15,0,0,1.07,11.98,115.04
2008,2,6,18,0,0,0.98,5.02,95.671
2008,2,6,21,0,0,0.8,4.91,100.35
2008,2,7,0,0,0,0.9,4.43,190.82
2008,2,7,3,0,0,0.75,9.13,81.901
2008,2,7,6,0,0,0.69,11.48,94.681
2008,2,7,9,0,0,0.67,11.4,114.5
2008,2,7,12,0,0,0.53,11.02,140.98
2008,2,7,15,0,0,0.61,9.01,106.62
2008,2,7,18,0,0,0.64,8.9,146.17
2008,2,7,21,0,0,0.72,9.04,153.12
2008,2,8,0,0,0,0.55,10.66,163.76
2008,2,8,3,0,0,0.51,9,197.27
2008,2,8,6,0,0,0.48,10.21,80.781
2008,2,8,9,0,0,0.42,10.12,110.85
2008,2,8,12,0,0,0.33,10.64,182.55
2008,2,8,15,0,0,0.45,10.03,103.56
2008,2,8,18,0,0,0.51,8.48,115.81
2008,2,8,21,0,0,0.53,8.36,50.761
2008,2,9,0,0,0,0.45,8.27,191.64
2008,2,9,3,0,0,0.36,8.15,187.57
2008,2,9,6,0,0,0.42,8.28,72.141
2008,2,9,9,0,0,0.39,10.03,114.4
2008,2,9,12,0,0,0.37,8.18,13.351
2008,2,9,15,0,0,0.4,5.97,173.53
2008,2,9,18,0,0,0.45,7.81,39.031
2008,2,9,21,0,0,0.44,10.47,37.081
2008,2,10,0,0,0,0.39,7.37,323.99
2008,2,10,3,0,0,0.39,10.82,31.191
2008,2,10,6,0,0,0.65,4.28,26.591
2008,2,10,9,0,0,1.09,4.78,156.44
2008,2,10,12,0,0,1.07,5.13,154.81
2008,2,10,15,0,0,1.04,4.58,158.73
2008,2,10,18,0,0,0.89,4.1,179.88
2008,2,10,21,0,0,0.96,3.99,354.1
2008,2,11,0,0,0,0.87,7.53,152.94
2008,2,11,3,0,0,0.75,7.41,39.701
2008,2,11,6,0,0,0.67,6.91,205.34
2008,2,11,9,0,0,1.04,4.23,173
2008,2,11,12,0,0,0.84,4.17,100.15
2008,2,11,15,0,0,0.96,4.56,170.51
2008,2,11,18,0,0,0.84,5.29,103.58
2008,2,11,21,0,0,1.21,3.86,354.1
2008,2,12,0,0,0,1.15,4.63,165.73
2008,2,12,3,0,0,1.22,5.11,85.051
2008,2,12,6,0,0,1.61,5.3,111.8
2008,2,12,9,0,0,1.5,5.49,96.401
2008,2,12,12,0,0,1.44,5.68,119.18
2008,2,12,15,0,0,1.41,6.23,105.87
2008,2,12,18,0,0,1.5,6.05,109.38
2008,2,12,21,0,0,1.29,6.32,106.07
2008,2,13,0,0,0,1.24,7.25,99.041
2008,2,13,3,0,0,1.21,7.37,128.18
2008,2,13,6,0,0,1.23,7.74,110
2008,2,13,9,0,0,1.22,8.01,100.62
2008,2,13,12,0,0,1.03,8.39,104.12
2008,2,13,15,0,0,0.9,8.28,113
2008,2,13,18,0,0,0.83,8.13,71.511
2008,2,13,21,0,0,0.71,8.09,101.41
2008,2,14,0,0,0,0.63,8.44,78.041
2008,2,14,3,0,0,0.77,9.09,104.03
2008,2,14,6,0,0,0.69,8.29,87.491
2008,2,14,9,0,0,0.87,8.05,106.7
2008,2,14,12,0,0,0.8,8.09,112.81
2008,2,14,15,0,0,0.78,8.12,103.66
2008,2,14,18,0,0,0.73,8.38,78.721
2008,2,14,21,0,0,0.71,8.08,89.601
2008,2,15,0,0,0,0.9,8.04,327.94
2008,2,15,3,0,0,0.82,8.03,210.26
2008,2,15,6,0,0,0.72,8.12,50.561
2008,2,15,9,0,0,0.74,8.12,144.24
2008,2,15,12,0,0,0.69,8.18,82.221
2008,2,15,15,0,0,0.6,8.02,193.27
2008,2,15,18,0,0,0.71,7.98,111.58
2008,2,15,21,0,0,0.68,8.04,156.03
2008,2,16,0,0,0,0.81,7.92,69.381
2008,2,16,3,0,0,0.72,7.86,96.551
2008,2,16,6,0,0,0.75,8.04,83.661
2008,2,16,9,0,0,0.77,7.95,74.591
2008,2,16,12,0,0,0.65,8.08,69.601
2008,2,16,15,0,0,0.67,8.35,158.56
2008,2,16,18,0,0,0.72,8.32,61.291
2008,2,16,21,0,0,0.72,8.07,70.301
2008,2,17,0,0,0,0.68,8.23,37.801
2008,2,17,3,0,0,0.82,8.02,88.631
2008,2,17,6,0,0,0.72,8.04,113.73
2008,2,17,9,0,0,0.77,8.19,103.05
2008,2,17,12,0,0,0.86,7.98,84.851
2008,2,17,15,0,0,0.98,4.42,99.361
2008,2,17,18,0,0,0.92,4.26,121.31
2008,2,17,21,0,0,0.82,8.28,83.901
2008,2,18,0,0,0,0.78,8.07,107.28
2008,2,18,3,0,0,0.87,8.35,135.04
2008,2,18,6,0,0,0.95,8.15,103.44
2008,2,18,9,0,0,0.88,4.89,51.331
2008,2,18,12,0,0,0.81,5.3,80.561
2008,2,18,15,0,0,0.63,5.27,105.87
2008,2,18,18,0,0,0.78,7.53,89.241
2008,2,18,21,0,0,0.64,7.4,155.44
2008,2,19,0,0,0,0.54,7.82,114.29
2008,2,19,3,0,0,0.62,8.02,127.93
2008,2,19,6,0,0,0.84,8.07,86.801
2008,2,19,9,0,0,0.8,6.92,65.951
2008,2,19,12,0,0,0.92,6.47,121.8
2008,2,19,15,0,0,0.99,4.79,127.73
2008,2,19,18,0,0,0.86,6.89,84.831
2008,2,19,21,0,0,0.76,7.59,123.08
2008,2,20,0,0,0,0.72,7.47,113.95
2008,2,20,3,0,0,0.75,7.44,108.23
2008,2,20,6,0,0,0.79,7.22,32.551
2008,2,20,9,0,0,0.66,7.02,177.41
2008,2,20,12,0,0,0.67,7.35,110.14
2008,2,20,15,0,0,0.72,7.29,99.771
2008,2,20,18,0,0,0.62,6.98,40.951
2008,2,20,21,0,0,0.58,7.19,83.281
2008,2,21,0,0,0,0.53,6.42,103.76
2008,2,21,3,0,0,0.62,6.82,151.49
2008,2,21,6,0,0,0.54,5.78,126.05
2008,2,21,9,0,0,0.5,8.84,163.12
2008,2,21,12,0,0,0.58,4.19,208.74
2008,2,21,15,0,0,0.64,4.15,123.82
2008,2,21,18,0,0,1.13,4.49,94.161
2008,2,21,21,0,0,1.13,5.18,75.361
2008,2,22,0,0,0,0.84,5.87,128.88
2008,2,22,3,0,0,0.96,6.43,89.131
2008,2,22,6,0,0,0.91,5.91,145.97
2008,2,22,9,0,0,0.9,6.03,53.351
2008,2,22,12,0,0,0.76,7.35,92.661
2008,2,22,15,0,0,0.73,6.96,49.821
2008,2,22,18,0,0,0.72,6.95,113.97
2008,2,22,21,0,0,0.77,6.96,115.64
2008,2,23,0,0,0,0.65,7.6,178.76
2008,2,23,3,0,0,0.66,7.59,173.72
2008,2,23,6,0,0,0.59,8.56,69.681
2008,2,23,9,0,0,0.47,9.16,87.251
2008,2,23,12,0,0,0.43,8.27,123.43
2008,2,23,15,0,0,0.54,8.47,108.97
2008,2,23,18,0,0,0.47,8.9,71.981
2008,2,23,21,0,0,0.46,9.15,97.011
2008,2,24,0,0,0,0.5,7.25,121.01
2008,2,24,3,0,0,0.49,8.85,45.991
2008,2,24,6,0,0,0.39,8.99,60.201
2008,2,24,9,0,0,0.45,9.02,85.171
2008,2,24,12,0,0,0.36,8.1,144.47
2008,2,24,15,0,0,0.34,8.53,82.691
2008,2,24,18,0,0,0.39,7.37,151.94
2008,2,24,21,0,0,0.36,8.18,128.25
2008,2,25,0,0,0,0.31,7.38,130.33
2008,2,25,3,0,0,0.32,8.34,15.131
2008,2,25,6,0,0,0.3,8.39,205.82
2008,2,25,9,0,0,0.3,7.5,169.41
2008,2,25,12,0,0,0.28,8.88,194.69
2008,2,25,15,0,0,0.33,9.63,102.22
2008,2,25,18,0,0,0.4,8.29,75.671
2008,2,25,21,0,0,0.39,8.08,179.91
2008,2,26,0,0,0,0.38,7.76,21.861
2008,2,26,3,0,0,0.45,8.13,172.54
2008,2,26,6,0,0,0.47,7.46,110.33
2008,2,26,9,0,0,0.41,8.03,100.61
2008,2,26,12,0,0,0.37,8.1,153.91
2008,2,26,15,0,0,0.32,9.56,91.361
2008,2,26,18,0,0,0.29,7.47,101.89
2008,2,26,21,0,0,0.33,4.04,77.121
2008,2,27,0,0,0,0.41,4.2,41.881
2008,2,27,3,0,0,0.28,4.62,190.44
2008,2,27,6,0,0,0.26,9.97,50.431
2008,2,27,9,0,0,0.85,4.37,92.641
2008,2,27,12,0,0,0.75,4.23,89.131
2008,2,27,15,0,0,0.87,6.48,69.371
2008,2,27,18,0,0,0.75,8.46,113.59
2008,2,27,21,0,0,0.84,8.41,96.571
2008,2,28,0,0,0,0.76,8.38,151.16
2008,2,28,3,0,0,0.85,4.57,100.12
2008,2,28,6,0,0,1.12,5.14,136.98
2008,2,28,9,0,0,1.01,4.45,114.84
2008,2,28,12,0,0,0.98,4.53,119.26
2008,2,28,15,0,0,0.81,7.87,60.501
2008,2,28,18,0,0,0.81,7.84,36.031
2008,2,28,21,0,0,0.73,6.5,176.08
2008,2,29,0,0,0,0.67,7.3,59.521
2008,2,29,3,0,0,0.53,6.87,125.26
2008,2,29,6,0,0,0.49,6.55,165.97
2008,2,29,9,0,0,0.48,4.24,10.741
2008,2,29,12,0,0,0.43,4.05,193.43
2008,2,29,15,0,0,0.48,4.17,219.13
2008,2,29,18,0,0,0.42,3.94,354.1
2008,2,29,21,0,0,0.49,6.43,115.99
2008,3,1,0,0,0,0.53,4.18,320.08
2008,3,1,3,0,0,0.48,4.13,56.681
2008,3,1,6,0,0,0.53,4.48,144.48
2008,3,1,9,0,0,0.57,4.37,65.241
2008,3,1,12,0,0,0.5,4,354.1
2008,3,1,15,0,0,0.49,7.31,84.581
2008,3,1,18,0,0,0.51,7.14,349.94
2008,3,1,21,0,0,0.52,7.47,63.581
2008,3,2,0,0,0,0.55,6.72,129.01
2008,3,2,3,0,0,0.53,8.01,98.041
2008,3,2,6,0,0,0.53,6.76,56.451
2008,3,2,9,0,0,0.52,7.67,69.841
2008,3,2,12,0,0,0.52,6.46,103.51
2008,3,2,15,0,0,0.64,4.22,169.27
2008,3,2,18,0,0,0.62,4.17,68.581
2008,3,2,21,0,0,0.8,4.47,37.031
2008,3,3,0,0,0,0.91,4.4,60.801
2008,3,3,3,0,0,0.94,4.76,27.161
2008,3,3,6,0,0,1.19,5.45,104.55
2008,3,3,9,0,0,0.92,4.92,110.94
2008,3,3,12,0,0,1.02,5.04,94.071
2008,3,3,15,0,0,1.18,5.25,112.33
2008,3,3,18,0,0,1.25,5.8,108.34
2008,3,3,21,0,0,0.94,6.63,108.54
2008,3,4,0,0,0,1.32,5.04,97.091
2008,3,4,3,0,0,1.5,6.53,102.37
2008,3,4,6,0,0,1.34,6.5,109.57
2008,3,4,9,0,0,1.28,6.44,106.61
2008,3,4,12,0,0,1.16,6.89,119.28
2008,3,4,15,0,0,1.17,6.73,115.94
2008,3,4,18,0,0,1.05,6.98,97.691
2008,3,4,21,0,0,1,7.36,115
2008,3,5,0,0,0,0.83,7.84,104.21
2008,3,5,3,0,0,0.68,7.94,117.88
2008,3,5,6,0,0,0.66,6.66,129.63
2008,3,5,9,0,0,0.64,8.06,53.481
2008,3,5,12,0,0,0.52,8.03,79.981
2008,3,5,15,0,0,0.62,7.51,143.18
2008,3,5,18,0,0,0.7,7.33,162.76
2008,3,5,21,0,0,0.62,8.06,212.45
2008,3,6,0,0,0,0.64,7.47,196.7
2008,3,6,3,0,0,0.67,7.16,91.511
2008,3,6,6,0,0,0.57,8.05,43.481
2008,3,6,9,0,0,0.54,7.97,86.751
2008,3,6,12,0,0,0.62,7.82,87.791
2008,3,6,15,0,0,0.52,8.04,114.44
2008,3,6,18,0,0,0.61,8.17,59.581
2008,3,6,21,0,0,0.66,7.94,117.95
2008,3,7,0,0,0,0.52,7.42,150.32
2008,3,7,3,0,0,0.65,7.41,48.831
2008,3,7,6,0,0,0.59,7.49,57.241
2008,3,7,9,0,0,0.74,7.78,171.25
2008,3,7,12,0,0,0.97,4.97,80.161
2008,3,7,15,0,0,1.18,5.74,90.011
2008,3,7,18,0,0,1.29,5.53,89.841
2008,3,7,21,0,0,0.89,5.25,65.441
2008,3,8,0,0,0,0.69,6.98,68.611
2008,3,8,3,0,0,0.77,6.49,104.57
2008,3,8,6,0,0,0.81,6.63,103.22
2008,3,8,9,0,0,0.54,6.91,117.42
2008,3,8,12,0,0,0.44,7.25,86.061
2008,3,8,15,0,0,0.43,7.47,84.671
2008,3,8,18,0,0,0.56,6.83,150.93
2008,3,8,21,0,0,0.55,4.07,95.371
2008,3,9,0,0,0,0.5,8.08,87.711
2008,3,9,3,0,0,0.64,7,93.791
2008,3,9,6,0,0,0.67,7.68,68.711
2008,3,9,9,0,0,0.77,4.19,234.39
2008,3,9,12,0,0,0.77,3.91,354.1
2008,3,9,15,0,0,1.07,4.1,157.94
2008,3,9,18,0,0,1.1,4.61,57.971
2008,3,9,21,0,0,1.03,4.19,157.94
2008,3,10,0,0,0,0.9,4.27,68.791
2008,3,10,3,0,0,1.01,7.45,117.06
2008,3,10,6,0,0,0.9,7.74,123.55
2008,3,10,9,0,0,0.88,7.68,91.591
2008,3,10,12,0,0,0.74,7.34,76.001
2008,3,10,15,0,0,0.77,7.88,107.14
2008,3,10,18,0,0,0.69,8.43,183.95
2008,3,10,21,0,0,0.8,8.4,105.35
2008,3,11,0,0,0,0.8,8.45,156.16
2008,3,11,3,0,0,0.68,9.38,142.56
2008,3,11,6,0,0,0.65,8.57,65.181
2008,3,11,9,0,0,0.78,8.65,65.611
2008,3,11,12,0,0,0.76,9.67,118.98
2008,3,11,15,0,0,0.65,9.65,159.69
2008,3,11,18,0,0,0.64,8.26,139
2008,3,11,21,0,0,0.67,9.22,151.27
2008,3,12,0,0,0,0.63,9.05,89.021
2008,3,12,3,0,0,0.73,9.33,174.09
2008,3,12,6,0,0,0.63,9.94,110.96
2008,3,12,9,0,0,0.56,8.06,102.5
2008,3,12,12,0,0,0.61,9.91,64.661
2008,3,12,15,0,0,0.57,9.07,72.971
2008,3,12,18,0,0,0.62,9.1,132.5
2008,3,12,21,0,0,0.71,9.61,100.97
2008,3,13,0,0,0,0.69,9.02,58.381
2008,3,13,3,0,0,0.69,9.03,114.9
2008,3,13,6,0,0,0.7,9.97,131.24
2008,3,13,9,0,0,0.78,9.06,99.671
2008,3,13,12,0,0,0.76,4.21,114.73
2008,3,13,15,0,0,0.65,9.13,147.03
2008,3,13,18,0,0,0.66,9.07,139.45
2008,3,13,21,0,0,0.55,9.09,113.96
2008,3,14,0,0,0,0.63,9.18,175.31
2008,3,14,3,0,0,0.49,8.87,28.231
2008,3,14,6,0,0,0.53,9.08,139.33
2008,3,14,9,0,0,0.42,9.25,108.05
2008,3,14,12,0,0,0.49,9,135.43
2008,3,14,15,0,0,0.48,8.97,115.23
2008,3,14,18,0,0,0.5,9.05,61.321
2008,3,14,21,0,0,0.43,9.99,116.5
2008,3,15,0,0,0,0.32,9.56,136.84
2008,3,15,3,0,0,0.37,10.04,87.511
2008,3,15,6,0,0,0.36,8.46,103.15
2008,3,15,9,0,0,0.28,10.1,124.79
2008,3,15,12,0,0,0.3,10.32,80.571
2008,3,15,15,0,0,0.26,12.41,169.33
2008,3,15,18,0,0,0.25,9.24,359.41
2008,3,15,21,0,0,0.24,10.57,205.17
2008,3,16,0,0,0,0.32,4.28,96.701
2008,3,16,3,0,0,0.26,12.08,191.46
2008,3,16,6,0,0,0.24,10.86,282.68
2008,3,16,9,0,0,0.18,11.87,351.78
2008,3,16,12,0,0,0.2,10.62,100.4
2008,3,16,15,0,0,0.2,12.09,178.68
2008,3,16,18,0,0,0.52,3.63,354.1
2008,3,16,21,0,0,0.46,4.09,259.03
2008,3,17,0,0,0,0.64,9.57,61.891
2008,3,17,3,0,0,0.94,5.16,147.69
2008,3,17,6,0,0,0.97,6.23,118.07
2008,3,17,9,0,0,1.04,4.68,133.31
2008,3,17,12,0,0,1.09,4.68,100.72
2008,3,17,15,0,0,1.07,6.66,114.82
2008,3,17,18,0,0,1.21,6.38,109.98
2008,3,17,21,0,0,1.08,6.35,136.89
2008,3,18,0,0,0,1.44,4.92,87.341
2008,3,18,3,0,0,1.4,6.07,119.39
2008,3,18,6,0,0,1.35,5.77,104.7
2008,3,18,9,0,0,1.57,6.1,112.47
2008,3,18,12,0,0,1.59,5.96,104.37
2008,3,18,15,0,0,1.45,7.33,104.96
2008,3,18,18,0,0,1.32,7.85,115.9
2008,3,18,21,0,0,1.4,8.25,140.83
2008,3,19,0,0,0,1.39,9.67,108.31
2008,3,19,3,0,0,1.56,9.95,119.34
2008,3,19,6,0,0,1.52,12.66,101.41
2008,3,19,9,0,0,1.3,5.58,103.01
2008,3,19,12,0,0,1.56,12.93,122.72
2008,3,19,15,0,0,1.49,11.69,119.21
2008,3,19,18,0,0,1.51,13.33,102.01
2008,3,19,21,0,0,1.24,13.04,128.37
2008,3,20,0,0,0,1.19,12.06,117.9
2008,3,20,3,0,0,1.38,11.91,118.87
2008,3,20,6,0,0,1.29,13.1,127.45
2008,3,20,9,0,0,1.02,13.08,104.94
2008,3,20,12,0,0,1.03,12.03,129.88
2008,3,20,15,0,0,1.14,12.03,120.99
2008,3,20,18,0,0,1.91,5.28,143.7
2008,3,20,21,0,0,1.35,11.88,112.61
2008,3,21,0,0,0,1.37,11.63,152.11
2008,3,21,3,0,0,1.23,11.34,105.85
2008,3,21,6,0,0,1.13,11.51,175.26
2008,3,21,9,0,0,1.1,11.91,37.021
2008,3,21,12,0,0,1.15,11.44,136.48
2008,3,21,15,0,0,1.14,11.52,129.6
2008,3,21,18,0,0,1.1,11.19,87.231
2008,3,21,21,0,0,1.06,11.12,157.81
2008,3,22,0,0,0,0.97,10.84,139.8
2008,3,22,3,0,0,1.02,6.47,168.03
2008,3,22,6,0,0,1.12,6.1,99.401
2008,3,22,9,0,0,0.9,6.46,133.48
2008,3,22,12,0,0,0.82,5.54,35.141
2008,3,22,15,0,0,0.96,6.63,157.06
2008,3,22,18,0,0,0.79,9.26,88.101
2008,3,22,21,0,0,0.67,9.85,86.471
2008,3,23,0,0,0,0.65,9.61,149.83
2008,3,23,3,0,0,0.65,8.79,69.481
2008,3,23,6,0,0,0.58,9.25,65.631
2008,3,23,9,0,0,0.65,8.8,127.39
2008,3,23,12,0,0,0.57,8.64,104.9
2008,3,23,15,0,0,0.57,8.1,56.661
2008,3,23,18,0,0,0.51,8.8,106.4
2008,3,23,21,0,0,0.69,3.96,354.1
2008,3,24,0,0,0,0.71,4.09,201.44
2008,3,24,3,0,0,0.56,4.08,110.23
2008,3,24,6,0,0,0.58,4.08,87.091
2008,3,24,9,0,0,1.12,4.55,154.36
2008,3,24,12,0,0,1.33,5.03,140.48
2008,3,24,15,0,0,1.45,5.54,151.12
2008,3,24,18,0,0,1.41,5.38,158.63
2008,3,24,21,0,0,0.98,5.88,139.6
2008,3,25,0,0,0,1.14,4.66,144.14
2008,3,25,3,0,0,1.47,5.21,186.02
2008,3,25,6,0,0,1.29,4.45,171.72
2008,3,25,9,0,0,1.28,5.33,121.06
2008,3,25,12,0,0,1.25,5.61,123.33
2008,3,25,15,0,0,1.21,8.04,146.41
2008,3,25,18,0,0,1.41,8.02,150.04
2008,3,25,21,0,0,1.19,8.21,183.53
2008,3,26,0,0,0,1.26,7.83,130.63
2008,3,26,3,0,0,1.19,9.17,140.5
2008,3,26,6,0,0,1.15,9.06,143.97
2008,3,26,9,0,0,1.3,9.28,148.08
2008,3,26,12,0,0,0.99,9.48,131.55
2008,3,26,15,0,0,1.09,10.17,139.88
2008,3,26,18,0,0,1.04,10.85,111.03
2008,3,26,21,0,0,1.08,10.14,140.33
2008,3,27,0,0,0,1.07,9.92,159.56
2008,3,27,3,0,0,1.06,10.03,147.67
2008,3,27,6,0,0,1.04,10.09,117.32
2008,3,27,9,0,0,1.25,9.8,145.19
2008,3,27,12,0,0,0.98,10.02,155.02
2008,3,27,15,0,0,0.91,10.72,186.32
2008,3,27,18,0,0,0.93,10.93,137.07
2008,3,27,21,0,0,1.16,10.71,150.04
2008,3,28,0,0,0,1.14,9.99,121.79
2008,3,28,3,0,0,1.09,10.58,109.26
2008,3,28,6,0,0,1.03,10.72,122.51
2008,3,28,9,0,0,0.96,10.61,27.541
2008,3,28,12,0,0,0.98,9.97,137.01
2008,3,28,15,0,0,0.9,9.87,128.8
2008,3,28,18,0,0,0.84,10.13,169.57
2008,3,28,21,0,0,0.82,9.93,78.341
2008,3,29,0,0,0,0.85,9.78,26.331
2008,3,29,3,0,0,0.75,10.14,57.221
2008,3,29,6,0,0,0.88,9.8,103.75
2008,3,29,9,0,0,0.9,9.06,162.27
2008,3,29,12,0,0,0.74,9.27,76.011
2008,3,29,15,0,0,0.9,9.58,88.641
2008,3,29,18,0,0,0.76,9.68,170.77
2008,3,29,21,0,0,0.76,8.76,30.351
2008,3,30,0,0,0,0.93,9.14,143.99
2008,3,30,3,0,0,0.87,4.61,91.841
2008,3,30,6,0,0,0.75,8.85,182.5
2008,3,30,9,0,0,0.77,9.13,147.34
2008,3,30,12,0,0,0.71,8.8,136.66
2008,3,30,15,0,0,0.77,9.78,172.51
2008,3,30,18,0,0,0.97,8.99,180.9
2008,3,30,21,0,0,0.79,9.02,227.56
2008,3,31,0,0,0,0.98,9.01,174.53
2008,3,31,3,0,0,1.12,8.45,99.451
2008,3,31,6,0,0,1.33,5.9,150.8
2008,3,31,9,0,0,1.43,5.7,128.63
2008,3,31,12,0,0,1.44,7.44,152.04
2008,3,31,15,0,0,1.32,7.86,156.42
2008,3,31,18,0,0,1.46,8.08,140.25
2008,3,31,21,0,0,1.58,7.26,139.63
2008,4,1,0,0,0,1.86,8,139.97
2008,4,1,3,0,0,1.83,8.08,133.81
2008,4,1,6,0,0,1.63,8.01,120.53
2008,4,1,9,0,0,1.47,8.94,91.111
2008,4,1,12,0,0,1.35,8.15,135.91
2008,4,1,15,0,0,1.41,8.14,173.41
2008,4,1,18,0,0,1.46,8.14,126.49
2008,4,1,21,0,0,1.23,8.1,136.35
2008,4,2,0,0,0,1.49,8.02,159.78
2008,4,2,3,0,0,1.58,8.38,138.55
2008,4,2,6,0,0,1.32,8.2,139.4
2008,4,2,9,0,0,1.16,8.44,126.98
2008,4,2,12,0,0,1.17,8.16,147.67
2008,4,2,15,0,0,1.22,8.38,129.65
2008,4,2,18,0,0,1.21,7.96,164.26
2008,4,2,21,0,0,0.91,8.44,144.5
2008,4,3,0,0,0,0.97,8.19,325.12
2008,4,3,3,0,0,1.12,8.07,193.68
2008,4,3,6,0,0,1.07,8.04,159.8
2008,4,3,9,0,0,0.93,8.05,181.76
2008,4,3,12,0,0,0.96,7.86,172.4
2008,4,3,15,0,0,1.08,7.92,145.9
2008,4,3,18,0,0,1.01,7.99,184.8
2008,4,3,21,0,0,0.99,8.33,174.33
2008,4,4,0,0,0,0.91,7.94,152.2
2008,4,4,3,0,0,1.02,8.35,197.22
2008,4,4,6,0,0,1.02,7.92,67.671
2008,4,4,9,0,0,1.03,5.29,157.2
2008,4,4,12,0,0,0.77,8,102.05
2008,4,4,15,0,0,0.96,8.49,127.88
2008,4,4,18,0,0,1.03,8.13,163.09
2008,4,4,21,0,0,0.87,8.13,188.84
2008,4,5,0,0,0,0.88,8.08,87.061
2008,4,5,3,0,0,0.79,8,148.1
2008,4,5,6,0,0,0.8,8.77,172.67
2008,4,5,9,0,0,0.89,8.19,157.34
2008,4,5,12,0,0,0.85,8.02,154.05
2008,4,5,15,0,0,1.08,4.63,98.441
2008,4,5,18,0,0,1.24,8.05,121.9
2008,4,5,21,0,0,0.88,8.01,143.05
2008,4,6,0,0,0,0.76,7.76,97.591
2008,4,6,3,0,0,0.77,8.17,96.771
2008,4,6,6,0,0,0.71,8.26,158.72
2008,4,6,9,0,0,0.71,7.26,122.99
2008,4,6,12,0,0,0.85,7.84,180.76
2008,4,6,15,0,0,0.79,8.37,100.68
2008,4,6,18,0,0,0.74,8.34,59.321
2008,4,6,21,0,0,0.86,7.89,169.39
2008,4,7,0,0,0,0.83,8.46,173.07
2008,4,7,3,0,0,0.76,8.03,201.82
2008,4,7,6,0,0,0.64,8.5,295.61
2008,4,7,9,0,0,0.71,7.84,35.521
2008,4,7,12,0,0,0.87,8.12,119.69
2008,4,7,15,0,0,0.76,8.36,187.5
2008,4,7,18,0,0,0.93,4.01,161.88
2008,4,7,21,0,0,0.72,4.02,183.09
2008,4,8,0,0,0,1.01,4.05,180.18
2008,4,8,3,0,0,1.33,8.27,156.35
2008,4,8,6,0,0,1.47,7.92,159.62
2008,4,8,9,0,0,1.25,8.57,150.96
2008,4,8,12,0,0,1.08,6.96,138.69
2008,4,8,15,0,0,1.13,7.77,70.551
2008,4,8,18,0,0,1.2,8.08,166.87
2008,4,8,21,0,0,1.08,8.12,92.541
2008,4,9,0,0,0,1.13,9.38,156.67
2008,4,9,3,0,0,1.21,8.96,149.7
2008,4,9,6,0,0,1.13,9.08,131.21
2008,4,9,9,0,0,1.39,9.5,126.12
2008,4,9,12,0,0,1.22,8.48,127.91
2008,4,9,15,0,0,1.11,7.33,142
2008,4,9,18,0,0,1.16,9.54,112.84
2008,4,9,21,0,0,1.06,8.81,57.821
2008,4,10,0,0,0,1.14,9.34,151.97
2008,4,10,3,0,0,1.15,9.68,165.32
2008,4,10,6,0,0,1.28,9.14,131.35
2008,4,10,9,0,0,1.1,9.53,155.3
2008,4,10,12,0,0,1,8.83,201.23
2008,4,10,15,0,0,0.94,8.97,173.79
2008,4,10,18,0,0,1.05,8.98,120.57
2008,4,10,21,0,0,1.07,9,168.34
2008,4,11,0,0,0,1,8.03,208.68
2008,4,11,3,0,0,0.95,8.15,59.141
2008,4,11,6,0,0,0.83,9.16,145.88
2008,4,11,9,0,0,0.9,9.1,123.2
2008,4,11,12,0,0,0.86,7.95,125.51
2008,4,11,15,0,0,0.77,9.03,141.61
2008,4,11,18,0,0,0.79,8.99,119.06
2008,4,11,21,0,0,0.75,8.44,339.42
2008,4,12,0,0,0,0.86,8.78,28.051
2008,4,12,3,0,0,0.84,11.04,149.74
2008,4,12,6,0,0,0.85,9.72,118.82
2008,4,12,9,0,0,0.8,10.51,138.25
2008,4,12,12,0,0,0.92,10.14,140.03
2008,4,12,15,0,0,0.91,10.85,150.73
2008,4,12,18,0,0,0.8,11.11,171.68
2008,4,12,21,0,0,0.95,10.81,57.521
2008,4,13,0,0,0,0.83,10.98,171.65
2008,4,13,3,0,0,0.93,10.95,149.73
2008,4,13,6,0,0,0.67,11.05,125.7
2008,4,13,9,0,0,0.62,10.9,205.04
2008,4,13,12,0,0,0.74,4.27,126.84
2008,4,13,15,0,0,1.1,4.89,186.08
2008,4,13,18,0,0,0.82,10.85,167.16
2008,4,13,21,0,0,0.89,10.17,127.29
2008,4,14,0,0,0,0.8,10.8,62.731
2008,4,14,3,0,0,0.8,10.2,59.921
2008,4,14,6,0,0,0.69,11.06,38.031
2008,4,14,9,0,0,0.63,10.11,68.841
2008,4,14,12,0,0,0.57,11.05,170.62
2008,4,14,15,0,0,0.64,10.95,181.58
2008,4,14,18,0,0,0.54,11.27,110.65
2008,4,14,21,0,0,0.65,4.04,170.29
2008,4,15,0,0,0,0.67,4.3,306.06
2008,4,15,3,0,0,0.74,4.18,125.39
2008,4,15,6,0,0,0.88,4.43,195.85
2008,4,15,9,0,0,0.84,4.24,188.54
2008,4,15,12,0,0,0.78,4.56,71.191
2008,4,15,15,0,0,0.81,4.13,127.61
2008,4,15,18,0,0,1.23,4.42,153.38
2008,4,15,21,0,0,1.32,8.25,112.62
2008,4,16,0,0,0,1.67,9.11,137.16
2008,4,16,3,0,0,1.79,8.92,153.25
2008,4,16,6,0,0,1.58,8.99,126.11
2008,4,16,9,0,0,1.88,8.1,145.68
2008,4,16,12,0,0,1.83,5.27,150.27
2008,4,16,15,0,0,2.07,5.18,161.42
2008,4,16,18,0,0,2.04,5.39,146.09
2008,4,16,21,0,0,1.72,5.86,155.97
2008,4,17,0,0,0,1.6,9.86,118.89
2008,4,17,3,0,0,1.51,9.84,150.67
2008,4,17,6,0,0,1.42,9.9,119.22
2008,4,17,9,0,0,1.58,9.83,148.64
2008,4,17,12,0,0,1.67,9.16,146.71
2008,4,17,15,0,0,1.4,10.05,161.52
2008,4,17,18,0,0,1.66,9.95,119.08
2008,4,17,21,0,0,1.39,9.54,134.52
2008,4,18,0,0,0,1.38,9.87,139.37
2008,4,18,3,0,0,1.39,9.85,136.91
2008,4,18,6,0,0,1.37,9.92,130.62
2008,4,18,9,0,0,1.41,9.81,136.46
2008,4,18,12,0,0,1.32,9.23,112.63
2008,4,18,15,0,0,1.34,9.79,132.54
2008,4,18,18,0,0,1.39,9.8,138.25
2008,4,18,21,0,0,1.11,9.74,158.3
2008,4,19,0,0,0,1.19,9.84,160.05
2008,4,19,3,0,0,1.16,9.79,154.76
2008,4,19,6,0,0,1.13,9.18,137.76
2008,4,19,9,0,0,0.93,9.81,128.84
2008,4,19,12,0,0,0.97,9.24,185.23
2008,4,19,15,0,0,1.07,9.52,162.43
2008,4,19,18,0,0,0.95,8.44,187.28
2008,4,19,21,0,0,0.76,9.7,108.52
2008,4,20,0,0,0,0.97,9.03,156.8
2008,4,20,3,0,0,0.79,9.08,142.01
2008,4,20,6,0,0,0.78,8.87,159.32
2008,4,20,9,0,0,0.66,9.16,137.78
2008,4,20,12,0,0,0.55,8.36,180.87
2008,4,20,15,0,0,0.62,8.99,83.541
2008,4,20,18,0,0,0.61,8.06,183.26
2008,4,20,21,0,0,0.54,8.41,23.431
2008,4,21,0,0,0,0.51,9.01,197.79
2008,4,21,3,0,0,0.49,7.53,358.57
2008,4,21,6,0,0,0.45,8,320.5
2008,4,21,9,0,0,0.44,8.06,137.81
2008,4,21,12,0,0,0.41,8.07,159.02
2008,4,21,15,0,0,0.39,8.83,122.13
2008,4,21,18,0,0,0.43,8.1,63.101
2008,4,21,21,0,0,0.42,8.23,63.541
2008,4,22,0,0,0,0.41,7.92,216
2008,4,22,3,0,0,0.41,7.92,127.68
2008,4,22,6,0,0,0.42,8.06,18.811
2008,4,22,9,0,0,0.52,7.82,289.84
2008,4,22,12,0,0,0.51,7.7,152.1
2008,4,22,15,0,0,0.52,5.14,162.16
2008,4,22,18,0,0,0.6,4.17,100.52
2008,4,22,21,0,0,0.76,4.24,199.2
2008,4,23,0,0,0,1.06,5.88,156.68
2008,4,23,3,0,0,0.96,6.74,134.87
2008,4,23,6,0,0,1.05,7,134.19
2008,4,23,9,0,0,1.07,8.34,203.75
2008,4,23,12,0,0,1.19,7.42,150.64
2008,4,23,15,0,0,1.47,9.17,139.38
2008,4,23,18,0,0,1.34,4.91,149.3
2008,4,23,21,0,0,1.35,8.98,163.64
2008,4,24,0,0,0,1.27,9.11,95.971
2008,4,24,3,0,0,1.09,8.05,135.8
2008,4,24,6,0,0,1.17,8.19,140.53
2008,4,24,9,0,0,1.22,8.18,147.88
2008,4,24,12,0,0,1.26,8.94,147.87
2008,4,24,15,0,0,1.24,8.74,145.32
2008,4,24,18,0,0,1.2,8.42,136.69
2008,4,24,21,0,0,1.38,8.98,128.27
2008,4,25,0,0,0,1.23,8.43,109.86
2008,4,25,3,0,0,1.26,8.46,154.36
2008,4,25,6,0,0,1.2,8.04,159.37
2008,4,25,9,0,0,1.26,8.1,142.79
2008,4,25,12,0,0,1.54,8.09,169.46
2008,4,25,15,0,0,1.03,8.24,136.01
2008,4,25,18,0,0,1.18,8.33,164.68
2008,4,25,21,0,0,1.04,7.65,157.85
2008,4,26,0,0,0,1.13,7.97,134.42
2008,4,26,3,0,0,1.2,8.02,161.08
2008,4,26,6,0,0,1.14,7.42,141.34
2008,4,26,9,0,0,1.08,7.49,169.44
2008,4,26,12,0,0,1,8.02,154.84
2008,4,26,15,0,0,0.98,7.91,187.04
2008,4,26,18,0,0,1,7.81,144.56
2008,4,26,21,0,0,1.13,7.86,190.2
2008,4,27,0,0,0,1.07,10.58,152.91
2008,4,27,3,0,0,0.93,8.02,114.2
2008,4,27,6,0,0,0.96,9.76,144.96
2008,4,27,9,0,0,0.95,7.39,183.3
2008,4,27,12,0,0,0.9,7.95,58.371
2008,4,27,15,0,0,0.81,9.22,142.67
2008,4,27,18,0,0,0.79,10.3,180.88
2008,4,27,21,0,0,0.84,4.17,91.131
2008,4,28,0,0,0,0.78,10.07,19.771
2008,4,28,3,0,0,0.8,10.74,38.401
2008,4,28,6,0,0,0.77,10.45,120.33
2008,4,28,9,0,0,1.02,4.57,196.26
2008,4,28,12,0,0,1.01,10.04,173.49
2008,4,28,15,0,0,0.81,10.13,161.19
2008,4,28,18,0,0,1.02,9.23,140.8
2008,4,28,21,0,0,0.82,12.05,165.35
2008,4,29,0,0,0,0.92,11.87,168.28
2008,4,29,3,0,0,1.04,11.29,124.36
2008,4,29,6,0,0,0.82,11.18,105.06
2008,4,29,9,0,0,1,10.98,184.86
2008,4,29,12,0,0,1.19,4.32,175.37
2008,4,29,15,0,0,1.17,11.08,108.07
2008,4,29,18,0,0,1.11,10.96,79.601
2008,4,29,21,0,0,0.97,10.08,185.15
2008,4,30,0,0,0,1.08,10.04,158.65
2008,4,30,3,0,0,0.92,10.07,75.471
2008,4,30,6,0,0,0.96,11.02,141.48
2008,4,30,9,0,0,0.93,10.14,132.92
2008,4,30,12,0,0,1.02,10.14,167.57
2008,4,30,15,0,0,0.94,10.13,151.52
2008,4,30,18,0,0,0.92,9.92,163.9
2008,4,30,21,0,0,0.87,9.78,91.991
2008,5,1,0,0,0,0.87,9.9,165.74
2008,5,1,3,0,0,0.88,9.24,14.701
2008,5,1,6,0,0,0.92,9.88,119.06
2008,5,1,9,0,0,0.79,9.94,152.22
2008,5,1,12,0,0,0.89,5.14,271.41
2008,5,1,15,0,0,0.91,4.49,43.871
2008,5,1,18,0,0,0.99,4.69,165.45
2008,5,1,21,0,0,0.87,4.46,191.63
2008,5,2,0,0,0,1.12,5.06,105.05
2008,5,2,3,0,0,1.24,4.9,136.64
2008,5,2,6,0,0,1.09,5.54,144.57
2008,5,2,9,0,0,0.97,5.79,185.51
2008,5,2,12,0,0,1.06,5.53,145.29
2008,5,2,15,0,0,0.9,5.46,107.08
2008,5,2,18,0,0,0.9,6.28,68.831
2008,5,2,21,0,0,0.94,6.68,352.51
2008,5,3,0,0,0,1.01,5.82,125.6
2008,5,3,3,0,0,0.95,5.2,176.97
2008,5,3,6,0,0,1.06,5.17,37.681
2008,5,3,9,0,0,0.83,5.77,176.65
2008,5,3,12,0,0,0.84,5.78,144.35
2008,5,3,15,0,0,0.93,4.65,54.511
2008,5,3,18,0,0,0.99,6.45,190.65
2008,5,3,21,0,0,0.84,6.48,99.751
2008,5,4,0,0,0,0.84,6.49,151.69
2008,5,4,3,0,0,1.05,6.82,147.72
2008,5,4,6,0,0,0.86,6.65,108.34
2008,5,4,9,0,0,0.82,6.85,185.53
2008,5,4,12,0,0,0.72,7.41,160.94
2008,5,4,15,0,0,0.69,6.97,124.18
2008,5,4,18,0,0,0.68,8.3,159.15
2008,5,4,21,0,0,0.68,8.04,193.52
2008,5,5,0,0,0,0.67,8.31,104.41
2008,5,5,3,0,0,0.73,9.16,35.851
2008,5,5,6,0,0,0.6,9.84,185.48
2008,5,5,9,0,0,0.6,9.8,201.62
2008,5,5,12,0,0,0.51,11.1,43.062
2008,5,5,15,0,0,0.71,11.1,70.062
2008,5,5,18,0,0,0.61,10.2,67.062
2008,5,5,21,0,0,0.59,11.1,85.062
2008,5,6,0,0,0,0.47,10.2,83.062
2008,5,6,3,0,0,0.52,11.1,64.062
2008,5,6,6,0,0,0.51,9.4,67.062
2008,5,6,9,0,0,0.66,10.2,73.062
2008,5,6,12,0,0,0.57,11.1,61.062
2008,5,6,15,0,0,0.66,10.2,39.062
2008,5,6,18,0,0,0.68,10.2,63.062
2008,5,6,21,0,0,0.8,11.1,240.06
2008,5,7,0,0,0,0.69,10.2,56.062
2008,5,7,3,0,0,0.65,10.2,58.062
2008,5,7,6,0,0,0.61,10.2,62.062
2008,5,7,9,0,0,0.76,10.2,79.062
2008,5,7,12,0,0,0.62,11.1,79.062
2008,5,7,15,0,0,0.69,10.2,91.062
2008,5,7,18,0,0,0.79,10.2,62.062
2008,5,7,21,0,0,0.81,4.8,84.062
2008,5,8,0,0,0,0.9,5.4,56.062
2008,5,8,3,0,0,0.77,9.4,60.062
2008,5,8,6,0,0,0.8,5.2,78.062
2008,5,8,9,0,0,0.82,5,68.062
2008,5,8,12,0,0,0.79,5.9,45.062
2008,5,8,15,0,0,1.07,4.3,131.06
2008,5,8,18,0,0,1.11,4.6,114.06
2008,5,8,21,0,0,0.82,5.4,103.06
2008,5,9,0,0,0,0.72,16.9,59.062
2008,5,9,3,0,0,0.62,14.9,66.062
2008,5,9,6,0,0,0.9,4.6,88.062
2008,5,9,9,0,0,0.75,4.8,101.06
2008,5,9,12,0,0,0.69,14.9,74.062
2008,5,9,15,0,0,0.68,14.9,64.062
2008,5,9,18,0,0,0.63,14.9,66.062
2008,5,9,21,0,0,0.58,13.4,71.062
2008,5,10,0,0,0,0.57,13.4,70.062
2008,5,10,3,0,0,0.53,14.9,68.062
2008,5,10,6,0,0,0.39,13.4,72.062
2008,5,10,9,0,0,0.41,14.9,55.062
2008,5,10,12,0,0,0.37,13.4,252.06
2008,5,10,15,0,0,0.43,14.9,81.062
2008,5,10,18,0,0,0.43,13.4,54.062
2008,5,10,21,0,0,0.47,13.4,64.062
2008,5,11,0,0,0,0.35,13.4,267.06
2008,5,11,3,0,0,0.3,13.4,65.062
2008,5,11,6,0,0,0.26,13.4,77.062
2008,5,11,9,0,0,0.25,13.4,75.062
2008,5,11,12,0,0,0.22,13.4,93.062
2008,5,11,15,0,0,0.18,13.4,260.06
2008,5,11,18,0,0,0.26,11.1,64.062
2008,5,11,21,0,0,0.21,12.1,64.062
2008,5,12,0,0,0,0.2,11.1,235.06
2008,5,12,3,0,0,0.18,16.9,243.06
2008,5,12,6,0,0,0.22,8.2,89.062
2008,5,12,9,0,0,0.47,2.8,356.06
2008,5,12,12,0,0,0.51,3.5,20.062
2008,5,12,15,0,0,0.51,11.1,45.062
2008,5,12,18,0,0,0.68,9.4,35.062
2008,5,12,21,0,0,0.6,9.4,27.062
2008,5,13,0,0,0,0.74,11.1,60.062
2008,5,13,3,0,0,0.88,12.1,67.062
2008,5,13,6,0,0,0.85,13.4,47.062
2008,5,13,9,0,0,0.85,12.1,52.062
2008,5,13,12,0,0,0.88,12.1,53.062
2008,5,13,15,0,0,0.91,13.4,39.062
2008,5,13,18,0,0,1.06,12.1,62.062
2008,5,13,21,0,0,1.27,13.4,62.062
2008,5,14,0,0,0,1.51,13.4,51.062
2008,5,14,3,0,0,1.53,12.1,46.062
2008,5,14,6,0,0,1.48,12.1,59.062
2008,5,14,9,0,0,1.37,14.9,64.062
2008,5,14,12,0,0,1.35,12.1,57.062
2008,5,14,15,0,0,1.37,12.1,58.062
2008,5,14,18,0,0,1.47,13.4,55.062
2008,5,14,21,0,0,1.38,11.1,37.062
2008,5,15,0,0,0,1.48,14.9,53.062
2008,5,15,3,0,0,1.46,13.4,54.062
2008,5,15,6,0,0,1.39,11.1,73.062
2008,5,15,9,0,0,1.27,14.9,55.062
2008,5,15,12,0,0,1.4,13.4,51.062
2008,5,15,15,0,0,1.42,12.1,58.062
2008,5,15,18,0,0,1.24,10.2,63.062
2008,5,15,21,0,0,1.27,13.4,57.062
2008,5,16,0,0,0,1.52,12.1,51.062
2008,5,16,3,0,0,1.22,11.1,63.062
2008,5,16,6,0,0,1.09,13.4,66.062
2008,5,16,9,0,0,1.1,12.1,72.062
2008,5,16,12,0,0,1.13,12.1,62.062
2008,5,16,15,0,0,1.19,11.1,63.062
2008,5,16,18,0,0,1.02,12.1,71.062
2008,5,16,21,0,0,0.93,12.1,59.062
2008,5,17,0,0,0,0.77,12.1,58.062
2008,5,17,3,0,0,0.78,12.1,69.062
2008,5,17,6,0,0,0.7,11.1,74.062
2008,5,17,9,0,0,0.75,12.1,65.062
2008,5,17,12,0,0,0.57,12.1,63.062
2008,5,17,15,0,0,0.64,11.1,58.062
2008,5,17,18,0,0,0.57,12.1,58.062
2008,5,17,21,0,0,0.5,11.1,16.062
2008,5,18,0,0,0,0.45,11.1,63.062
2008,5,18,3,0,0,0.44,11.1,65.062
2008,5,18,6,0,0,0.37,11.1,63.062
2008,5,18,9,0,0,0.3,11.1,56.062
2008,5,18,12,0,0,0.31,12.1,52.062
2008,5,18,15,0,0,0.33,10.2,83.062
2008,5,18,18,0,0,0.37,10.2,59.062
2008,5,18,21,0,0,0.38,10.2,52.062
2008,5,19,0,0,0,0.38,9.4,72.062
2008,5,19,3,0,0,0.41,8.2,59.062
2008,5,19,6,0,0,0.34,8.2,59.062
2008,5,19,9,0,0,0.3,8.8,55.062
2008,5,19,12,0,0,0.25,9.4,82.062
2008,5,19,15,0,0,0.29,10.2,51.062
2008,5,19,18,0,0,0.29,9.4,48.062
2008,5,19,21,0,0,0.26,8.8,42.062
2008,5,20,0,0,0,0.28,7.7,73.062
2008,5,20,3,0,0,0.28,8.2,85.062
2008,5,20,6,0,0,0.24,7.7,71.062
2008,5,20,9,0,0,0.22,9.4,78.062
2008,5,20,12,0,0,0.26,8.8,75.062
2008,5,20,15,0,0,0.2,7.7,69.062
2008,5,20,18,0,0,0.18,8.2,92.062
2008,5,20,21,0,0,0.18,7.7,95.062
2008,5,21,0,0,0,0.2,8.8,59.062
2008,5,21,3,0,0,0.24,4.1,141.06
2008,5,21,6,0,0,0.21,8.2,39.062
2008,5,21,9,0,0,0.2,14.9,81.062
2008,5,21,12,0,0,0.17,14.9,91.062
2008,5,21,15,0,0,0.18,13.4,87.062
2008,5,21,18,0,0,0.19,14.9,63.062
2008,5,21,21,0,0,0.21,13.4,81.062
2008,5,22,0,0,0,0.2,14.9,71.062
2008,5,22,3,0,0,0.23,13.4,97.062
2008,5,22,6,0,0,0.3,4.2,127.06
2008,5,22,9,0,0,0.24,8.8,71.062
2008,5,22,12,0,0,0.24,13.4,68.062
2008,5,22,15,0,0,0.28,14.9,56.062
2008,5,22,18,0,0,0.33,2.4,135.06
2008,5,22,21,0,0,0.3,4.3,128.06
2008,5,23,0,0,0,0.32,13.4,77.062
2008,5,23,3,0,0,0.27,13.4,70.062
2008,5,23,6,0,0,0.33,13.4,67.062
2008,5,23,9,0,0,0.33,14.9,60.062
2008,5,23,12,0,0,0.29,13.4,75.062
2008,5,23,15,0,0,0.29,13.4,81.062
2008,5,23,18,0,0,0.41,3.2,126.06
2008,5,23,21,0,0,0.34,13.4,62.062
2008,5,24,0,0,0,0.3,13.4,71.062
2008,5,24,3,0,0,0.3,13.4,79.062
2008,5,24,6,0,0,0.34,13.4,86.062
2008,5,24,9,0,0,0.32,13.4,75.062
2008,5,24,12,0,0,0.26,12.1,64.062
2008,5,24,15,0,0,0.29,13.4,127.06
2008,5,24,18,0,0,0.35,13.4,82.062
2008,5,24,21,0,0,0.26,12.1,64.062
2008,5,25,0,0,0,0.28,12.1,92.062
2008,5,25,3,0,0,0.44,6.5,23.062
2008,5,25,6,0,0,0.54,5,40.062
2008,5,25,9,0,0,0.69,4.2,21.062
2008,5,25,12,0,0,0.87,3.6,20.062
2008,5,25,15,0,0,0.87,4.1,11.062
2008,5,25,18,0,0,1.17,4.2,62.062
2008,5,25,21,0,0,1.43,5.9,88.062
2008,5,26,0,0,0,1.56,8.2,41.062
2008,5,26,3,0,0,1.49,8.2,31.062
2008,5,26,6,0,0,1.35,7.3,52.062
2008,5,26,9,0,0,1.42,7.3,48.062
2008,5,26,12,0,0,1.32,7.7,57.062
2008,5,26,15,0,0,1.13,7.7,68.062
2008,5,26,18,0,0,1.15,7.7,78.062
2008,5,26,21,0,0,1.12,7.3,104.06
2008,5,27,0,0,0,1.25,6.5,34.062
2008,5,27,3,0,0,1.29,7.3,36.062
2008,5,27,6,0,0,1.27,7.3,65.062
2008,5,27,9,0,0,1.4,7.3,45.062
2008,5,27,12,0,0,1.2,7.3,59.062
2008,5,27,15,0,0,1.09,7.7,76.062
2008,5,27,18,0,0,0.92,7.7,30.062
2008,5,27,21,0,0,1.15,7.3,97.062
2008,5,28,0,0,0,1.33,7.3,64.062
2008,5,28,3,0,0,1.31,7.3,79.062
2008,5,28,6,0,0,1.06,7.3,88.062
2008,5,28,9,0,0,1.15,8.2,41.062
2008,5,28,12,0,0,0.89,7.3,55.062
2008,5,28,15,0,0,0.87,7.7,40.062
2008,5,28,18,0,0,0.79,6.5,81.062
2008,5,28,21,0,0,0.81,6.5,62.062
2008,5,29,0,0,0,0.69,6.2,73.062
2008,5,29,3,0,0,0.62,7.7,68.062
2008,5,29,6,0,0,0.61,7.7,71.062
2008,5,29,9,0,0,0.69,6.9,63.062
2008,5,29,12,0,0,0.78,7.7,67.062
2008,5,29,15,0,0,0.74,6.2,57.062
2008,5,29,18,0,0,0.9,3.8,99.062
2008,5,29,21,0,0,0.99,4.5,63.062
2008,5,30,0,0,0,1.11,5.4,62.062
2008,5,30,3,0,0,1.1,5.4,66.062
2008,5,30,6,0,0,1,5.9,79.062
2008,5,30,9,0,0,0.93,5.4,96.062
2008,5,30,12,0,0,0.97,4.6,120.06
2008,5,30,15,0,0,0.85,9.4,72.062
2008,5,30,18,0,0,0.93,7.3,62.062
2008,5,30,21,0,0,0.92,3.6,122.06
2008,5,31,0,0,0,1.02,4.8,75.062
2008,5,31,3,0,0,1.03,5.2,88.062
2008,5,31,6,0,0,0.93,5.7,57.062
2008,5,31,9,0,0,0.76,8.8,48.062
2008,5,31,12,0,0,0.81,8.8,65.062
2008,5,31,15,0,0,0.76,8.2,61.062
2008,5,31,18,0,0,0.77,8.2,61.062
2008,5,31,21,0,0,0.69,9.4,80.062
2008,6,1,0,0,0,0.81,8.8,84.062
2008,6,1,3,0,0,0.72,7.7,75.062
2008,6,1,6,0,0,0.64,9.4,68.062
2008,6,1,9,0,0,0.6,8.8,74.062
2008,6,1,12,0,0,0.61,8.2,19.062
2008,6,1,15,0,0,0.64,9.4,66.062
2008,6,1,18,0,0,0.62,8.8,79.062
2008,6,1,21,0,0,0.61,8.2,70.062
2008,6,2,0,0,0,0.59,7.7,62.062
2008,6,2,3,0,0,0.53,8.8,63.062
2008,6,2,6,0,0,0.47,8.8,71.062
2008,6,2,9,0,0,0.36,8.2,52.062
2008,6,2,12,0,0,0.43,8.2,68.062
2008,6,2,15,0,0,0.57,8.8,69.062
2008,6,2,18,0,0,0.53,9.4,77.062
2008,6,2,21,0,0,0.43,8.2,69.062
2008,6,3,0,0,0,0.37,9.4,78.062
2008,6,3,3,0,0,0.37,7.3,75.062
2008,6,3,6,0,0,0.39,8.2,76.062
2008,6,3,9,0,0,0.37,7.7,66.062
2008,6,3,12,0,0,0.3,7.7,58.062
2008,6,3,15,0,0,0.43,7.7,63.062
2008,6,3,18,0,0,0.48,8.8,70.062
2008,6,3,21,0,0,0.43,8.2,67.062
2008,6,4,0,0,0,0.4,8.8,86.062
2008,6,4,3,0,0,0.44,8.2,81.062
2008,6,4,6,0,0,0.39,8.2,65.062
2008,6,4,9,0,0,0.42,8.2,88.062
2008,6,4,12,0,0,0.47,8.2,62.062
2008,6,4,15,0,0,0.6,7.7,68.062
2008,6,4,18,0,0,0.58,7.7,71.062
2008,6,4,21,0,0,0.54,3.2,108.06
2008,6,5,0,0,0,0.6,3.9,95.062
2008,6,5,3,0,0,0.66,4.1,59.062
2008,6,5,6,0,0,0.72,4.6,103.06
2008,6,5,9,0,0,0.78,4.5,69.062
2008,6,5,12,0,0,0.69,4.6,117.06
2008,6,5,15,0,0,0.61,3.9,118.06
2008,6,5,18,0,0,0.66,14.9,58.062
2008,6,5,21,0,0,0.71,3.9,124.06
2008,6,6,0,0,0,0.93,3.4,100.06
2008,6,6,3,0,0,0.95,5.4,104.06
2008,6,6,6,0,0,1,5,83.062
2008,6,6,9,0,0,0.78,5.2,56.062
2008,6,6,12,0,0,0.69,4.6,81.062
2008,6,6,15,0,0,0.76,5.4,49.062
2008,6,6,18,0,0,0.95,4.5,74.062
2008,6,6,21,0,0,0.87,4.1,111.06
2008,6,7,0,0,0,0.95,5.4,113.06
2008,6,7,3,0,0,0.96,5.4,101.06
2008,6,7,6,0,0,0.94,5.2,105.06
2008,6,7,9,0,0,0.88,5,75.062
2008,6,7,12,0,0,0.77,14.9,69.062
2008,6,7,15,0,0,0.74,4.2,72.062
2008,6,7,18,0,0,0.67,14.9,74.062
2008,6,7,21,0,0,0.76,14.9,58.062
2008,6,8,0,0,0,0.75,4.1,105.06
2008,6,8,3,0,0,0.72,14.9,58.062
2008,6,8,6,0,0,0.64,14.9,68.062
2008,6,8,9,0,0,0.63,4.1,102.06
2008,6,8,12,0,0,0.59,14.9,65.062
2008,6,8,15,0,0,0.61,14.9,70.062
2008,6,8,18,0,0,0.61,13.4,79.062
2008,6,8,21,0,0,0.65,14.9,54.062
2008,6,9,0,0,0,0.6,13.4,67.062
2008,6,9,3,0,0,0.57,8.2,74.062
2008,6,9,6,0,0,0.59,8.2,69.062
2008,6,9,9,0,0,0.64,7.7,67.062
2008,6,9,12,0,0,0.63,13.4,77.062
2008,6,9,15,0,0,0.66,8.8,58.062
2008,6,9,18,0,0,0.64,8.2,81.062
2008,6,9,21,0,0,0.6,8.2,115.06
2008,6,10,0,0,0,0.59,8.8,57.062
2008,6,10,3,0,0,0.53,8.8,76.062
2008,6,10,6,0,0,0.54,8.8,69.062
2008,6,10,9,0,0,0.53,8.8,91.062
2008,6,10,12,0,0,0.57,8.8,68.062
2008,6,10,15,0,0,0.57,8.2,81.062
2008,6,10,18,0,0,0.59,8.2,54.062
2008,6,10,21,0,0,0.58,8.2,72.062
2008,6,11,0,0,0,0.54,8.8,74.062
2008,6,11,3,0,0,0.52,8.8,72.062
2008,6,11,6,0,0,0.56,9.4,80.062
2008,6,11,9,0,0,0.53,8.2,74.062
2008,6,11,12,0,0,0.56,8.8,71.062
2008,6,11,15,0,0,0.58,10.2,70.062
2008,6,11,18,0,0,0.57,9.4,67.062
2008,6,11,21,0,0,0.51,9.4,63.062
2008,6,12,0,0,0,0.59,9.4,80.062
2008,6,12,3,0,0,0.56,8.8,82.062
2008,6,12,6,0,0,0.54,8.8,77.062
2008,6,12,9,0,0,0.53,8.8,70.062
2008,6,12,12,0,0,0.59,12.1,64.062
2008,6,12,15,0,0,0.64,8.8,73.062
2008,6,12,18,0,0,0.63,12.1,67.062
2008,6,12,21,0,0,0.59,12.1,67.062
2008,6,13,0,0,0,0.59,12.1,61.062
2008,6,13,3,0,0,0.6,8.8,60.062
2008,6,13,6,0,0,0.64,11.1,59.062
2008,6,13,9,0,0,0.68,11.1,66.062
2008,6,13,12,0,0,0.74,12.1,61.062
2008,6,13,15,0,0,0.69,12.1,42.062
2008,6,13,18,0,0,0.81,12.1,61.062
2008,6,13,21,0,0,0.73,11.1,75.062
2008,6,14,0,0,0,0.74,12.1,65.062
2008,6,14,3,0,0,0.72,11.1,63.062
2008,6,14,6,0,0,0.69,10.2,75.062
2008,6,14,9,0,0,0.57,12.1,59.062
2008,6,14,12,0,0,0.6,11.1,62.062
2008,6,14,15,0,0,0.64,11.1,64.062
2008,6,14,18,0,0,0.67,12.1,59.062
2008,6,14,21,0,0,0.7,12.1,59.062
2008,6,15,0,0,0,0.63,12.1,66.062
2008,6,15,3,0,0,0.7,12.1,66.062
2008,6,15,6,0,0,0.64,11.1,64.062
2008,6,15,9,0,0,0.54,11.1,63.062
2008,6,15,12,0,0,0.69,10.2,65.062
2008,6,15,15,0,0,0.65,10.2,65.062
2008,6,15,18,0,0,0.64,10.2,74.062
2008,6,15,21,0,0,0.63,10.2,46.062
2008,6,16,0,0,0,0.55,10.2,57.062
2008,6,16,3,0,0,0.57,10.2,59.062
2008,6,16,6,0,0,0.58,10.2,66.062
2008,6,16,9,0,0,0.51,9.4,69.062
2008,6,16,12,0,0,0.53,8.2,37.062
2008,6,16,15,0,0,0.53,8.8,47.062
2008,6,16,18,0,0,0.58,10.2,65.062
2008,6,16,21,0,0,0.45,9.4,58.062
2008,6,17,0,0,0,0.46,10.2,63.062
2008,6,17,3,0,0,0.47,11.1,62.062
2008,6,17,6,0,0,0.46,11.1,65.062
2008,6,17,9,0,0,0.37,8.2,73.062
2008,6,17,12,0,0,0.42,11.1,62.062
2008,6,17,15,0,0,0.48,11.1,66.062
2008,6,17,18,0,0,0.71,11.1,64.062
2008,6,17,21,0,0,0.52,10.2,71.062
2008,6,18,0,0,0,0.37,10.2,61.062
2008,6,18,3,0,0,0.3,9.4,56.062
2008,6,18,6,0,0,0.3,10.2,75.062
2008,6,18,9,0,0,0.27,9.4,69.062
2008,6,18,12,0,0,0.22,9.4,84.062
2008,6,18,15,0,0,0.32,3,118.06
2008,6,18,18,0,0,0.45,2.9,5.062
2008,6,18,21,0,0,0.43,3.7,126.06
2008,6,19,0,0,0,0.27,3.4,127.06
2008,6,19,3,0,0,0.29,3.6,136.06
2008,6,19,6,0,0,0.26,3.7,115.06
2008,6,19,9,0,0,0.29,3.7,130.06
2008,6,19,12,0,0,0.25,3.7,141.06
2008,6,19,15,0,0,0.32,3.6,117.06
2008,6,19,18,0,0,0.33,3.5,133.06
2008,6,19,21,0,0,0.27,6.5,51.062
2008,6,20,0,0,0,0.32,6.9,58.062
2008,6,20,3,0,0,0.28,6.9,76.062
2008,6,20,6,0,0,0.26,11.1,252.06
NaN,NaN,NaN,NaN,NaN,NaN,NaN,NaN,NaN
2008,6,20,12,0,0,0.22,10.2,25.053
2008,6,20,15,0,0,0.3,2.3,52.053
2008,6,20,18,0,0,0.31,11.1,58.053
2008,6,20,21,0,0,0.29,9.4,64.053
2008,6,21,0,0,0,0.25,9.4,34.053
2008,6,21,3,0,0,0.27,5.9,91.053
2008,6,21,6,0,0,0.3,9.4,59.053
2008,6,21,9,0,0,0.27,8.8,62.053
2008,6,21,12,0,0,0.28,6.5,62.053
2008,6,21,15,0,0,0.32,9.4,82.053
2008,6,21,18,0,0,0.36,8.8,67.053
2008,6,21,21,0,0,0.25,8.8,205.05
2008,6,22,0,0,0,0.25,9.4,51.053
2008,6,22,3,0,0,0.25,8.8,63.053
2008,6,22,6,0,0,0.26,9.4,83.053
2008,6,22,9,0,0,0.32,9.4,77.053
2008,6,22,12,0,0,0.28,8.2,71.053
2008,6,22,15,0,0,0.27,8.8,68.053
2008,6,22,18,0,0,0.29,9.4,58.053
2008,6,22,21,0,0,0.32,16.9,72.053
2008,6,23,0,0,0,0.31,13.4,255.05
2008,6,23,3,0,0,0.32,9.4,55.053
2008,6,23,6,0,0,0.34,12.1,59.053
2008,6,23,9,0,0,0.32,9.4,63.053
2008,6,23,12,0,0,0.38,14.9,50.053
2008,6,23,15,0,0,0.47,12.1,89.053
2008,6,23,18,0,0,0.45,3.3,103.05
2008,6,23,21,0,0,0.42,14.9,259.05
2008,6,24,0,0,0,0.55,13.4,248.05
2008,6,24,3,0,0,0.38,13.4,63.053
2008,6,24,6,0,0,0.38,8.2,51.053
2008,6,24,9,0,0,0.41,13.4,67.053
2008,6,24,12,0,0,0.4,13.4,35.053
2008,6,24,15,0,0,0.38,8.8,64.053
2008,6,24,18,0,0,0.4,8.8,79.053
2008,6,24,21,0,0,0.46,9.4,68.053
2008,6,25,0,0,0,0.52,8.8,74.053
2008,6,25,3,0,0,0.47,12.1,58.053
2008,6,25,6,0,0,0.54,11.1,58.053
2008,6,25,9,0,0,0.6,12.1,49.053
2008,6,25,12,0,0,0.52,12.1,52.053
2008,6,25,15,0,0,0.52,8.8,77.053
2008,6,25,18,0,0,0.65,8.8,89.053
2008,6,25,21,0,0,0.63,4.1,102.05
2008,6,26,0,0,0,0.57,10.2,59.053
2008,6,26,3,0,0,0.65,8.8,49.053
2008,6,26,6,0,0,0.71,10.2,55.053
2008,6,26,9,0,0,0.73,9.4,73.053
2008,6,26,12,0,0,0.72,9.4,70.053
2008,6,26,15,0,0,1.02,8.8,74.053
2008,6,26,18,0,0,0.64,9.4,72.053
2008,6,26,21,0,0,0.64,10.2,77.053
2008,6,27,0,0,0,0.86,9.4,70.053
2008,6,27,3,0,0,0.71,11.1,73.053
2008,6,27,6,0,0,0.67,8.8,82.053
2008,6,27,9,0,0,0.63,10.2,83.053
2008,6,27,12,0,0,0.75,8.8,61.053
2008,6,27,15,0,0,0.88,10.2,71.053
2008,6,27,18,0,0,0.66,8.8,60.053
2008,6,27,21,0,0,0.7,9.4,86.053
2008,6,28,0,0,0,0.58,8.2,78.053
2008,6,28,3,0,0,0.53,10.2,207.05
2008,6,28,6,0,0,0.47,9.4,56.053
2008,6,28,9,0,0,0.49,10.2,78.053
2008,6,28,12,0,0,0.63,10.2,68.053
2008,6,28,15,0,0,0.56,9.4,62.053
2008,6,28,18,0,0,0.55,8.8,69.053
2008,6,28,21,0,0,0.56,3.5,80.053
2008,6,29,0,0,0,0.57,9.4,78.053
2008,6,29,3,0,0,0.53,9.4,52.053
2008,6,29,6,0,0,0.47,9.4,73.053
2008,6,29,9,0,0,0.49,10.2,107.05
2008,6,29,12,0,0,0.6,9.4,56.053
2008,6,29,15,0,0,0.53,9.4,57.053
2008,6,29,18,0,0,0.56,10.2,55.053
2008,6,29,21,0,0,0.45,10.2,60.053
2008,6,30,0,0,0,0.5,9.4,78.053
2008,6,30,3,0,0,0.5,8.8,63.053
2008,6,30,6,0,0,0.48,9.4,77.053
2008,6,30,9,0,0,0.46,8.8,86.053
2008,6,30,12,0,0,0.48,8.8,68.053
2008,6,30,15,0,0,0.61,8.2,58.053
2008,6,30,18,0,0,0.56,10.2,64.053
2008,6,30,21,0,0,0.65,9.4,76.053
2008,7,1,0,0,0,0.62,8.2,84.053
2008,7,1,3,0,0,0.53,9.4,69.053
2008,7,1,6,0,0,0.49,8.2,74.053
2008,7,1,9,0,0,0.43,8.8,72.053
2008,7,1,12,0,0,0.4,8.2,67.053
2008,7,1,15,0,0,0.47,8.8,69.053
2008,7,1,18,0,0,0.46,8.8,63.053
2008,7,1,21,0,0,0.4,8.8,77.053
2008,7,2,0,0,0,0.37,13.4,67.053
2008,7,2,3,0,0,0.48,13.4,73.053
2008,7,2,6,0,0,0.37,13.4,68.053
2008,7,2,9,0,0,0.34,7.7,72.053
2008,7,2,12,0,0,0.29,12.1,63.053
2008,7,2,15,0,0,0.38,8.8,71.053
2008,7,2,18,0,0,0.48,8.2,66.053
2008,7,2,21,0,0,0.43,13.4,59.053
2008,7,3,0,0,0,0.39,12.1,72.053
2008,7,3,3,0,0,0.38,7.3,70.053
2008,7,3,6,0,0,0.4,12.1,61.053
2008,7,3,9,0,0,0.38,8.2,66.053
2008,7,3,12,0,0,0.33,12.1,67.053
2008,7,3,15,0,0,0.39,6.9,75.053
2008,7,3,18,0,0,0.38,11.1,81.053
2008,7,3,21,0,0,0.37,12.1,42.053
2008,7,4,0,0,0,0.45,4.1,70.053
2008,7,4,3,0,0,0.44,12.1,75.053
2008,7,4,6,0,0,0.42,12.1,61.053
2008,7,4,9,0,0,0.39,8.2,72.053
2008,7,4,12,0,0,0.37,12.1,39.053
2008,7,4,15,0,0,0.37,12.1,39.053
2008,7,4,18,0,0,0.42,7.3,65.053
2008,7,4,21,0,0,0.42,11.1,39.053
2008,7,5,0,0,0,0.43,11.1,55.053
2008,7,5,3,0,0,0.43,11.1,65.053
2008,7,5,6,0,0,0.45,7.3,93.053
2008,7,5,9,0,0,0.55,10.2,51.053
2008,7,5,12,0,0,0.42,11.1,241.05
2008,7,5,15,0,0,0.38,11.1,69.053
2008,7,5,18,0,0,0.48,8.2,93.053
2008,7,5,21,0,0,0.53,11.1,49.053
2008,7,6,0,0,0,0.58,12.1,55.053
2008,7,6,3,0,0,0.56,11.1,15.053
2008,7,6,6,0,0,0.65,4.3,126.05
2008,7,6,9,0,0,0.63,11.1,210.05
2008,7,6,12,0,0,0.56,11.1,62.053
2008,7,6,15,0,0,0.6,3.6,88.053
2008,7,6,18,0,0,0.63,11.1,71.053
2008,7,6,21,0,0,0.63,10.2,50.053
2008,7,7,0,0,0,0.61,12.1,54.053
2008,7,7,3,0,0,0.53,11.1,61.053
2008,7,7,6,0,0,0.59,12.1,62.053
2008,7,7,9,0,0,0.6,8.2,65.053
2008,7,7,12,0,0,0.58,8.2,73.053
2008,7,7,15,0,0,0.59,11.1,57.053
2008,7,7,18,0,0,0.62,7.3,70.053
2008,7,7,21,0,0,0.58,7.7,75.053
2008,7,8,0,0,0,0.71,4.3,97.053
2008,7,8,3,0,0,0.72,14.9,64.053
2008,7,8,6,0,0,0.68,8.2,75.053
2008,7,8,9,0,0,0.7,8.2,78.053
2008,7,8,12,0,0,0.69,14.9,61.053
2008,7,8,15,0,0,0.73,7.3,72.053
2008,7,8,18,0,0,0.77,7.3,35.053
2008,7,8,21,0,0,0.69,13.4,59.053
2008,7,9,0,0,0,0.73,8.2,70.053
2008,7,9,3,0,0,0.67,7.7,31.053
2008,7,9,6,0,0,0.68,6.5,67.053
2008,7,9,9,0,0,0.67,12.1,57.053
2008,7,9,12,0,0,0.74,6.9,64.053
2008,7,9,15,0,0,0.64,7.3,52.053
2008,7,9,18,0,0,0.65,12.1,43.053
2008,7,9,21,0,0,0.62,12.1,84.053
2008,7,10,0,0,0,0.71,14.9,58.053
2008,7,10,3,0,0,0.66,13.4,77.053
2008,7,10,6,0,0,0.66,13.4,73.053
2008,7,10,9,0,0,0.6,13.4,74.053
2008,7,10,12,0,0,0.7,13.4,62.053
2008,7,10,15,0,0,0.7,13.4,60.053
2008,7,10,18,0,0,0.79,13.4,70.053
2008,7,10,21,0,0,0.81,12.1,65.053
2008,7,11,0,0,0,1.11,12.1,64.053
2008,7,11,3,0,0,0.99,13.4,222.05
2008,7,11,6,0,0,0.84,12.1,64.053
2008,7,11,9,0,0,0.85,11.1,60.053
2008,7,11,12,0,0,0.93,12.1,71.053
2008,7,11,15,0,0,0.78,12.1,76.053
2008,7,11,18,0,0,0.82,11.1,66.053
2008,7,11,21,0,0,0.88,11.1,68.053
2008,7,12,0,0,0,0.86,11.1,64.053
2008,7,12,3,0,0,0.89,12.1,71.053
2008,7,12,6,0,0,0.8,13.4,68.053
2008,7,12,9,0,0,0.8,13.4,67.053
2008,7,12,12,0,0,0.89,13.4,77.053
2008,7,12,15,0,0,0.84,12.1,241.05
2008,7,12,18,0,0,0.9,10.2,67.053
2008,7,12,21,0,0,1.04,12.1,50.053
2008,7,13,0,0,0,1.09,11.1,74.053
2008,7,13,3,0,0,0.92,12.1,65.053
2008,7,13,6,0,0,0.84,11.1,66.053
2008,7,13,9,0,0,0.58,10.2,64.053
2008,7,13,12,0,0,0.77,10.2,64.053
2008,7,13,15,0,0,0.6,11.1,54.053
2008,7,13,18,0,0,0.69,11.1,53.053
2008,7,13,21,0,0,0.63,11.1,54.053
2008,7,14,0,0,0,0.76,12.1,57.053
2008,7,14,3,0,0,0.83,10.2,52.053
2008,7,14,6,0,0,0.57,11.1,64.053
2008,7,14,9,0,0,0.55,10.2,57.053
2008,7,14,12,0,0,0.69,11.1,50.053
2008,7,14,15,0,0,0.62,11.1,64.053
2008,7,14,18,0,0,0.69,10.2,59.053
2008,7,14,21,0,0,0.61,10.2,46.053
2008,7,15,0,0,0,0.51,9.4,33.053
2008,7,15,3,0,0,0.46,9.4,48.053
2008,7,15,6,0,0,0.48,11.1,67.053
2008,7,15,9,0,0,0.48,10.2,18.053
2008,7,15,12,0,0,0.46,10.2,65.053
2008,7,15,15,0,0,0.48,11.1,56.053
2008,7,15,18,0,0,0.52,8.8,51.053
2008,7,15,21,0,0,0.45,11.1,53.053
2008,7,16,0,0,0,0.46,8.8,67.053
2008,7,16,3,0,0,0.44,11.1,62.053
2008,7,16,6,0,0,0.43,12.1,59.053
2008,7,16,9,0,0,0.37,11.1,286.05
2008,7,16,12,0,0,0.37,11.1,52.053
2008,7,16,15,0,0,0.42,12.1,58.053
2008,7,16,18,0,0,0.44,12.1,62.053
2008,7,16,21,0,0,0.44,12.1,59.053
2008,7,17,0,0,0,0.41,9.4,49.053
2008,7,17,3,0,0,0.42,13.4,47.053
2008,7,17,6,0,0,0.4,9.4,51.053
2008,7,17,9,0,0,0.39,13.4,61.053
2008,7,17,12,0,0,0.4,12.1,56.053
2008,7,17,15,0,0,0.43,12.1,30.053
2008,7,17,18,0,0,0.43,8.2,55.053
2008,7,17,21,0,0,0.37,10.2,53.053
2008,7,18,0,0,0,0.4,12.1,58.053
2008,7,18,3,0,0,0.42,7.7,62.053
2008,7,18,6,0,0,0.48,11.1,44.053
2008,7,18,9,0,0,0.49,8.8,66.053
2008,7,18,12,0,0,0.57,9.4,56.053
2008,7,18,15,0,0,0.56,8.8,71.053
2008,7,18,18,0,0,0.68,12.1,52.053
2008,7,18,21,0,0,0.63,11.1,53.053
2008,7,19,0,0,0,0.76,11.1,62.053
2008,7,19,3,0,0,0.75,11.1,59.053
2008,7,19,6,0,0,0.86,11.1,62.053
2008,7,19,9,0,0,0.74,12.1,51.053
2008,7,19,12,0,0,0.8,12.1,53.053
2008,7,19,15,0,0,1.18,11.1,49.053
2008,7,19,18,0,0,0.77,11.1,235.05
2008,7,19,21,0,0,0.89,11.1,47.053
2008,7,20,0,0,0,0.77,8.8,59.053
2008,7,20,3,0,0,0.74,11.1,74.053
2008,7,20,6,0,0,0.77,9.4,44.053
2008,7,20,9,0,0,0.71,10.2,51.053
2008,7,20,12,0,0,0.61,8.2,60.053
2008,7,20,15,0,0,0.64,9.4,54.053
2008,7,20,18,0,0,0.64,9.4,46.053
2008,7,20,21,0,0,0.55,8.2,71.053
2008,7,21,0,0,0,0.66,8.8,58.053
2008,7,21,3,0,0,0.63,9.4,51.053
2008,7,21,6,0,0,0.58,9.4,30.053
2008,7,21,9,0,0,0.56,9.4,49.053
2008,7,21,12,0,0,0.52,8.2,86.053
2008,7,21,15,0,0,0.5,8.8,50.053
2008,7,21,18,0,0,0.56,11.1,64.053
2008,7,21,21,0,0,0.56,13.4,65.053
2008,7,22,0,0,0,0.47,8.8,60.053
2008,7,22,3,0,0,0.54,10.2,66.053
2008,7,22,6,0,0,0.58,8.2,59.053
2008,7,22,9,0,0,0.48,10.2,61.053
2008,7,22,12,0,0,0.56,13.4,40.053
2008,7,22,15,0,0,0.44,9.4,64.053
2008,7,22,18,0,0,0.39,12.1,63.053
2008,7,22,21,0,0,0.47,11.1,63.053
2008,7,23,0,0,0,0.52,11.1,58.053
2008,7,23,3,0,0,0.46,9.4,65.053
2008,7,23,6,0,0,0.48,8.2,68.053
2008,7,23,9,0,0,0.48,11.1,68.053
2008,7,23,12,0,0,0.43,9.4,60.053
2008,7,23,15,0,0,0.35,10.2,62.053
2008,7,23,18,0,0,0.41,12.1,64.053
2008,7,23,21,0,0,0.57,12.1,73.053
2008,7,24,0,0,0,0.44,12.1,112.05
2008,7,24,3,0,0,0.39,12.1,52.053
2008,7,24,6,0,0,0.38,11.1,50.053
2008,7,24,9,0,0,0.38,12.1,80.053
2008,7,24,12,0,0,0.35,11.1,58.053
2008,7,24,15,0,0,0.35,8.2,66.053
2008,7,24,18,0,0,0.36,12.1,57.053
2008,7,24,21,0,0,0.4,8.8,68.053
2008,7,25,0,0,0,0.35,9.4,66.053
2008,7,25,3,0,0,0.38,8.8,75.053
2008,7,25,6,0,0,0.33,10.2,68.053
2008,7,25,9,0,0,0.37,10.2,71.053
2008,7,25,12,0,0,0.33,8.2,58.053
2008,7,25,15,0,0,0.34,12.1,63.053
2008,7,25,18,0,0,0.31,9.4,61.053
2008,7,25,21,0,0,0.37,8.2,70.053
2008,7,26,0,0,0,0.49,7.3,70.053
2008,7,26,3,0,0,0.47,7.7,72.053
2008,7,26,6,0,0,0.45,7.7,46.053
2008,7,26,9,0,0,0.54,7.3,62.053
2008,7,26,12,0,0,0.51,7.7,67.053
2008,7,26,15,0,0,0.52,7.7,74.053
2008,7,26,18,0,0,0.53,7.3,73.053
2008,7,26,21,0,0,0.46,7.7,52.053
2008,7,27,0,0,0,0.48,7.3,68.053
2008,7,27,3,0,0,0.43,7.7,78.053
2008,7,27,6,0,0,0.43,7.3,75.053
2008,7,27,9,0,0,0.41,7.7,63.053
2008,7,27,12,0,0,0.52,6.9,66.053
2008,7,27,15,0,0,0.5,8.2,65.053
2008,7,27,18,0,0,0.49,7.7,60.053
2008,7,27,21,0,0,0.49,9.4,68.053
2008,7,28,0,0,0,0.5,7.7,25.053
2008,7,28,3,0,0,0.5,8.2,37.053
2008,7,28,6,0,0,0.39,7.7,54.053
2008,7,28,9,0,0,0.4,8.8,67.053
2008,7,28,12,0,0,0.4,9.4,57.053
2008,7,28,15,0,0,0.49,9.4,74.053
2008,7,28,18,0,0,0.55,8.8,53.053
2008,7,28,21,0,0,0.4,8.2,49.053
2008,7,29,0,0,0,0.36,8.8,65.053
2008,7,29,3,0,0,0.39,7.7,70.053
2008,7,29,6,0,0,0.34,8.2,51.053
2008,7,29,9,0,0,0.36,8.2,58.053
2008,7,29,12,0,0,0.33,8.2,98.053
2008,7,29,15,0,0,0.36,8.8,75.053
2008,7,29,18,0,0,0.28,8.2,114.05
2008,7,29,21,0,0,0.36,8.2,71.053
2008,7,30,0,0,0,0.33,8.8,60.053
2008,7,30,3,0,0,0.34,9.4,68.053
2008,7,30,6,0,0,0.32,8.2,54.053
2008,7,30,9,0,0,0.31,8.8,73.053
2008,7,30,12,0,0,0.31,10.2,73.053
2008,7,30,15,0,0,0.38,9.4,68.053
2008,7,30,18,0,0,0.42,9.4,68.053
2008,7,30,21,0,0,0.33,10.2,56.053
2008,7,31,0,0,0,0.36,10.2,63.053
2008,7,31,3,0,0,0.44,8.2,64.053
2008,7,31,6,0,0,0.34,8.8,57.053
2008,7,31,9,0,0,0.34,10.2,68.053
2008,7,31,12,0,0,0.3,11.1,44.053
2008,7,31,15,0,0,0.48,9.4,64.053
2008,7,31,18,0,0,0.46,9.4,68.053
2008,7,31,21,0,0,0.45,9.4,68.053
2008,8,1,0,0,0,0.33,8.8,69.053
2008,8,1,3,0,0,0.36,8.8,68.053
2008,8,1,6,0,0,0.36,10.2,75.053
2008,8,1,9,0,0,0.37,9.4,70.053
2008,8,1,12,0,0,0.35,9.4,60.053
2008,8,1,15,0,0,0.3,8.2,64.053
2008,8,1,18,0,0,0.31,8.8,68.053
2008,8,1,21,0,0,0.29,8.8,77.053
2008,8,2,0,0,0,0.27,8.2,74.053
2008,8,2,3,0,0,0.26,8.2,86.053
2008,8,2,6,0,0,0.25,9.4,68.053
2008,8,2,9,0,0,0.26,8.8,61.053
2008,8,2,12,0,0,0.22,8.2,64.053
2008,8,2,15,0,0,0.36,8.2,64.053
2008,8,2,18,0,0,0.25,8.2,74.053
2008,8,2,21,0,0,0.26,8.2,74.053
2008,8,3,0,0,0,0.25,8.2,73.053
2008,8,3,3,0,0,0.36,8.2,82.053
2008,8,3,6,0,0,0.47,3,107.05
2008,8,3,9,0,0,0.3,9.4,66.053
2008,8,3,12,0,0,0.38,9.4,67.053
2008,8,3,15,0,0,0.6,5,127.05
2008,8,3,18,0,0,0.67,9.4,60.053
2008,8,3,21,0,0,0.54,9.4,66.053
2008,8,4,0,0,0,0.44,8.8,65.053
2008,8,4,3,0,0,0.44,8.8,74.053
2008,8,4,6,0,0,0.54,8.8,63.053
2008,8,4,9,0,0,0.58,8.8,63.053
2008,8,4,12,0,0,0.43,8.8,214.05
2008,8,4,15,0,0,0.4,8.2,98.053
2008,8,4,18,0,0,0.57,8.2,59.053
2008,8,4,21,0,0,0.52,8.8,72.053
2008,8,5,0,0,0,0.49,8.2,67.053
2008,8,5,3,0,0,0.45,8.2,79.053
2008,8,5,6,0,0,0.5,8.2,64.053
2008,8,5,9,0,0,0.48,7.3,77.053
2008,8,5,12,0,0,0.44,13.4,63.053
2008,8,5,15,0,0,0.36,13.4,78.053
2008,8,5,18,0,0,0.39,8.2,70.053
2008,8,5,21,0,0,0.41,8.2,61.053
2008,8,6,0,0,0,0.36,7.7,58.053
2008,8,6,3,0,0,0.37,8.2,79.053
2008,8,6,6,0,0,0.31,7.3,43.053
2008,8,6,9,0,0,0.34,7.3,64.053
2008,8,6,12,0,0,0.34,13.4,84.053
2008,8,6,15,0,0,0.31,13.4,48.053
2008,8,6,18,0,0,0.31,7.3,74.053
2008,8,6,21,0,0,0.36,7.3,72.053
2008,8,7,0,0,0,0.34,6.9,68.053
2008,8,7,3,0,0,0.33,7.3,78.053
2008,8,7,6,0,0,0.32,8.8,56.053
2008,8,7,9,0,0,0.32,13.4,32.053
2008,8,7,12,0,0,0.32,12.1,63.053
2008,8,7,15,0,0,0.38,11.1,72.053
2008,8,7,18,0,0,0.46,11.1,66.053
2008,8,7,21,0,0,0.53,10.2,76.053
2008,8,8,0,0,0,0.63,10.2,65.053
2008,8,8,3,0,0,0.93,9.4,70.053
2008,8,8,6,0,0,0.68,8.8,60.053
2008,8,8,9,0,0,0.62,10.2,62.053
2008,8,8,12,0,0,0.82,10.2,68.053
2008,8,8,15,0,0,0.58,9.4,68.053
2008,8,8,18,0,0,0.44,8.8,83.053
2008,8,8,21,0,0,0.43,8.8,54.053
2008,8,9,0,0,0,0.44,9.4,70.053
2008,8,9,3,0,0,0.38,9.4,64.053
2008,8,9,6,0,0,0.31,10.2,76.053
NaN,NaN,NaN,NaN,NaN,NaN,NaN,NaN,NaN
2008,10,18,12,0,0,0.74,10.2,122.03
2008,10,18,15,0,0,0.56,10.2,13.028
2008,10,18,18,0,0,0.57,9.4,55.028
2008,10,18,21,0,0,0.7,9.4,58.028
2008,10,19,0,0,0,1.46,5.2,39.028
2008,10,19,3,0,0,1.6,5.9,15.028
2008,10,19,6,0,0,1.66,5.2,54.028
2008,10,19,9,0,0,1.53,5.4,6.028
2008,10,19,12,0,0,1.39,7.7,33.028
2008,10,19,15,0,0,1.25,6.2,13.028
2008,10,19,18,0,0,1.1,8.8,23.028
2008,10,19,21,0,0,1.3,4.8,19.028
2008,10,20,0,0,0,1.47,5.9,76.028
2008,10,20,3,0,0,1.75,12.1,35.028
2008,10,20,6,0,0,1.85,12.1,25.028
2008,10,20,9,0,0,1.86,12.1,35.028
2008,10,20,12,0,0,1.54,12.1,42.028
2008,10,20,15,0,0,1.5,13.4,40.028
2008,10,20,18,0,0,1.46,13.4,24.028
2008,10,20,21,0,0,1.2,13.4,40.028
2008,10,21,0,0,0,1.37,13.4,46.028
2008,10,21,3,0,0,1.37,14.9,46.028
2008,10,21,6,0,0,1.09,14.9,54.028
2008,10,21,9,0,0,1.12,14.9,48.028
2008,10,21,12,0,0,1.18,13.4,42.028
2008,10,21,15,0,0,1.33,14.9,25.028
2008,10,21,18,0,0,1.25,14.9,40.028
2008,10,21,21,0,0,1.11,13.4,40.028
2008,10,22,0,0,0,1.14,13.4,42.028
2008,10,22,3,0,0,1.17,11.1,53.028
2008,10,22,6,0,0,1.34,13.4,62.028
2008,10,22,9,0,0,1.29,13.4,44.028
2008,10,22,12,0,0,1.4,4.5,50.028
2008,10,22,15,0,0,1.47,13.4,49.028
2008,10,22,18,0,0,1.45,13.4,50.028
2008,10,22,21,0,0,1.61,5.7,66.028
2008,10,23,0,0,0,1.83,6.5,32.028
2008,10,23,3,0,0,1.61,5.9,28.028
2008,10,23,6,0,0,1.9,6.9,99.028
2008,10,23,9,0,0,1.78,6.2,43.028
2008,10,23,12,0,0,2.01,6.5,23.028
2008,10,23,15,0,0,1.99,5,352.03
2008,10,23,18,0,0,1.84,6.5,7.028
2008,10,23,21,0,0,2.19,7.7,51.028
2008,10,24,0,0,0,2.26,8.8,66.028
2008,10,24,3,0,0,2.36,7.7,16.028
2008,10,24,6,0,0,2.07,8.8,91.028
2008,10,24,9,0,0,1.96,8.2,54.028
2008,10,24,12,0,0,1.86,8.8,28.028
2008,10,24,15,0,0,1.87,9.4,90.028
2008,10,24,18,0,0,1.55,8.8,47.028
2008,10,24,21,0,0,1.28,8.8,72.028
2008,10,25,0,0,0,1.54,8.8,93.028
2008,10,25,3,0,0,1.35,9.4,23.028
2008,10,25,6,0,0,1.2,9.4,57.028
2008,10,25,9,0,0,1.15,9.4,35.028
2008,10,25,12,0,0,1.02,8.2,65.028
2008,10,25,15,0,0,1.11,8.2,73.028
2008,10,25,18,0,0,1.14,13.4,53.028
2008,10,25,21,0,0,1.3,8.8,70.028
2008,10,26,0,0,0,1.28,14.9,42.028
2008,10,26,3,0,0,1.26,13.4,44.028
2008,10,26,6,0,0,1.32,10.2,52.028
2008,10,26,9,0,0,1.27,13.4,46.028
2008,10,26,12,0,0,1.39,12.1,55.028
2008,10,26,15,0,0,1.26,12.1,46.028
2008,10,26,18,0,0,1.11,12.1,50.028
2008,10,26,21,0,0,1.12,13.4,48.028
2008,10,27,0,0,0,1.09,12.1,55.028
2008,10,27,3,0,0,1.06,8.8,62.028
2008,10,27,6,0,0,1.12,8.8,55.028
2008,10,27,9,0,0,1.1,8.2,66.028
2008,10,27,12,0,0,0.98,7.7,55.028
2008,10,27,15,0,0,0.86,8.2,43.028
2008,10,27,18,0,0,0.79,10.2,55.028
2008,10,27,21,0,0,0.81,12.1,54.028
2008,10,28,0,0,0,1.13,3.9,359.03
2008,10,28,3,0,0,1.7,5.4,1.028
2008,10,28,6,0,0,1.52,8.8,31.028
2008,10,28,9,0,0,1.59,9.4,22.028
2008,10,28,12,0,0,1.52,10.2,40.028
2008,10,28,15,0,0,1.37,9.4,45.028
2008,10,28,18,0,0,1.16,9.4,29.028
2008,10,28,21,0,0,1.29,4.1,352.03
2008,10,29,0,0,0,1.23,8.2,34.028
2008,10,29,3,0,0,1.3,5.2,41.028
2008,10,29,6,0,0,1.18,8.8,36.028
2008,10,29,9,0,0,1.04,8.8,29.028
2008,10,29,12,0,0,0.99,7.7,32.028
2008,10,29,15,0,0,0.9,8.2,36.028
2008,10,29,18,0,0,0.81,7.7,35.028
2008,10,29,21,0,0,0.78,7.7,32.028
2008,10,30,0,0,0,0.73,6.9,46.028
2008,10,30,3,0,0,0.76,6.5,17.028
2008,10,30,6,0,0,0.82,3.8,344.03
2008,10,30,9,0,0,0.8,4.3,26.028
2008,10,30,12,0,0,0.77,16.9,48.028
2008,10,30,15,0,0,0.79,11.1,46.028
2008,10,30,18,0,0,0.83,3.4,16.028
2008,10,30,21,0,0,0.93,3.8,58.028
2008,10,31,0,0,0,1.04,5,18.028
2008,10,31,3,0,0,1.7,5.9,61.028
2008,10,31,6,0,0,1.8,7.7,68.028
2008,10,31,9,0,0,1.77,7.3,16.028
2008,10,31,12,0,0,1.62,7.7,13.028
2008,10,31,15,0,0,1.63,6.9,30.028
2008,10,31,18,0,0,1.39,7.7,53.028
2008,10,31,21,0,0,1.7,7.7,68.028
2008,11,1,0,0,0,1.66,6.9,14.028
2008,11,1,3,0,0,1.68,4.1,32.028
2008,11,1,6,0,0,1.61,7.3,35.028
2008,11,1,9,0,0,1.41,6.5,52.028
2008,11,1,12,0,0,1.5,7.3,89.028
2008,11,1,15,0,0,1.58,7.3,101.03
2008,11,1,18,0,0,1.4,6.2,81.028
2008,11,1,21,0,0,1.35,7.3,59.028
2008,11,2,0,0,0,1.29,7.3,65.028
2008,11,2,3,0,0,1.51,6.9,103.03
2008,11,2,6,0,0,1.5,6.5,47.028
2008,11,2,9,0,0,1.38,6.5,82.028
2008,11,2,12,0,0,1.16,8.2,59.028
2008,11,2,15,0,0,1.16,6.5,59.028
2008,11,2,18,0,0,1.25,6.2,59.028
2008,11,2,21,0,0,1.4,8.8,38.028
2008,11,3,0,0,0,1.3,6.9,88.028
2008,11,3,3,0,0,1.12,6.2,70.028
2008,11,3,6,0,0,1.11,8.2,321.03
2008,11,3,9,0,0,1.16,8.2,115.03
2008,11,3,12,0,0,1.29,8.2,43.028
2008,11,3,15,0,0,1.32,9.4,65.028
2008,11,3,18,0,0,1.38,9.4,33.028
2008,11,3,21,0,0,1.45,9.4,72.028
2008,11,4,0,0,0,1.54,9.4,71.028
2008,11,4,3,0,0,1.43,9.4,87.028
2008,11,4,6,0,0,1.49,9.4,25.028
2008,11,4,9,0,0,1.55,9.4,39.028
2008,11,4,12,0,0,1.54,9.4,85.028
2008,11,4,15,0,0,1.49,9.4,20.028
2008,11,4,18,0,0,1.57,10.2,53.028
2008,11,4,21,0,0,1.43,9.4,82.028
2008,11,5,0,0,0,1.39,9.4,40.028
2008,11,5,3,0,0,1.26,11.1,67.028
2008,11,5,6,0,0,1.36,10.2,101.03
2008,11,5,9,0,0,1.25,11.1,37.028
2008,11,5,12,0,0,1.26,11.1,59.028
2008,11,5,15,0,0,1.1,10.2,58.028
2008,11,5,18,0,0,1.24,9.4,63.028
2008,11,5,21,0,0,1.3,9.4,43.028
2008,11,6,0,0,0,1.2,10.2,83.028
2008,11,6,3,0,0,1.15,9.4,40.028
2008,11,6,6,0,0,1.1,10.2,45.028
2008,11,6,9,0,0,1.1,9.4,48.028
2008,11,6,12,0,0,1.14,10.2,24.028
2008,11,6,15,0,0,1.2,11.1,34.028
2008,11,6,18,0,0,1.17,10.2,37.028
2008,11,6,21,0,0,1.28,10.2,48.028
2008,11,7,0,0,0,1.03,9.4,50.028
2008,11,7,3,0,0,1.04,10.2,38.028
2008,11,7,6,0,0,1.17,9.4,67.028
2008,11,7,9,0,0,1,9.4,24.028
2008,11,7,12,0,0,0.93,8.2,90.028
2008,11,7,15,0,0,0.93,8.8,45.028
2008,11,7,18,0,0,0.94,9.4,24.028
2008,11,7,21,0,0,0.92,9.4,48.028
2008,11,8,0,0,0,0.84,8.8,54.028
2008,11,8,3,0,0,0.85,8.8,56.028
2008,11,8,6,0,0,0.78,9.4,45.028
2008,11,8,9,0,0,0.79,8.8,61.028
2008,11,8,12,0,0,0.73,8.2,51.028
2008,11,8,15,0,0,0.82,8.8,51.028
2008,11,8,18,0,0,0.81,9.4,64.028
2008,11,8,21,0,0,0.75,8.8,29.028
2008,11,9,0,0,0,0.7,9.4,44.028
2008,11,9,3,0,0,0.88,8.8,66.028
2008,11,9,6,0,0,0.9,8.8,79.028
2008,11,9,9,0,0,0.98,8.8,41.028
2008,11,9,12,0,0,1,4.2,6.028
2008,11,9,15,0,0,0.93,8.8,58.028
2008,11,9,18,0,0,0.79,8.2,83.028
2008,11,9,21,0,0,0.74,8.2,80.028
2008,11,10,0,0,0,0.75,8.8,57.028
2008,11,10,3,0,0,0.67,8.2,77.028
2008,11,10,6,0,0,0.72,8.2,66.028
2008,11,10,9,0,0,0.9,3.8,358.03
2008,11,10,12,0,0,0.88,8.8,69.028
2008,11,10,15,0,0,0.92,8.8,66.028
2008,11,10,18,0,0,1.03,3.4,17.028
2008,11,10,21,0,0,1.05,4.5,31.028
2008,11,11,0,0,0,1.21,5,33.028
2008,11,11,3,0,0,1.31,6.2,49.028
2008,11,11,6,0,0,1.48,6.5,75.028
2008,11,11,9,0,0,1.46,6.5,18.028
2008,11,11,12,0,0,1.42,6.2,64.028
2008,11,11,15,0,0,1.44,6.2,34.028
2008,11,11,18,0,0,1.52,6.9,68.028
2008,11,11,21,0,0,1.55,6.5,88.028
2008,11,12,0,0,0,1.68,7.3,99.028
2008,11,12,3,0,0,1.78,7.3,41.028
2008,11,12,6,0,0,1.63,7.3,26.028
2008,11,12,9,0,0,1.86,7.3,101.03
2008,11,12,12,0,0,1.58,8.2,29.028
2008,11,12,15,0,0,1.62,8.2,77.028
2008,11,12,18,0,0,1.55,8.8,59.028
2008,11,12,21,0,0,1.43,8.2,37.028
2008,11,13,0,0,0,1.38,7.7,82.028
2008,11,13,3,0,0,1.32,7.7,34.028
2008,11,13,6,0,0,1.34,8.2,83.028
2008,11,13,9,0,0,1.2,7.7,89.028
2008,11,13,12,0,0,1.25,7.3,24.028
2008,11,13,15,0,0,1.3,8.2,77.028
2008,11,13,18,0,0,1.19,8.2,56.028
2008,11,13,21,0,0,1.19,8.2,61.028
2008,11,14,0,0,0,1.32,7.7,99.028
2008,11,14,3,0,0,1.29,8.2,45.028
2008,11,14,6,0,0,1.18,8.2,7.028
2008,11,14,9,0,0,1.14,8.2,79.028
2008,11,14,12,0,0,1.09,7.7,84.028
2008,11,14,15,0,0,1.05,8.2,38.028
2008,11,14,18,0,0,1,7.7,48.028
2008,11,14,21,0,0,0.92,7.3,84.028
2008,11,15,0,0,0,0.91,7.3,95.028
2008,11,15,3,0,0,1.06,7.3,38.028
2008,11,15,6,0,0,0.95,7.7,71.028
2008,11,15,9,0,0,0.83,8.2,89.028
2008,11,15,12,0,0,0.72,9.4,71.028
2008,11,15,15,0,0,0.78,8.8,78.028
2008,11,15,18,0,0,0.81,8.8,67.028
2008,11,15,21,0,0,0.68,8.8,49.028
2008,11,16,0,0,0,0.75,8.2,71.028
2008,11,16,3,0,0,1.12,5,3.028
2008,11,16,6,0,0,1.33,4.5,341.03
2008,11,16,9,0,0,1.19,8.8,44.028
2008,11,16,12,0,0,1.04,8.8,13.028
2008,11,16,15,0,0,1.18,8.8,356.03
2008,11,16,18,0,0,1.12,8.2,14.028
2008,11,16,21,0,0,1,9.4,29.028
2008,11,17,0,0,0,1.02,8.8,5.028
2008,11,17,3,0,0,0.95,8.8,8.028
2008,11,17,6,0,0,1.03,7.7,38.028
2008,11,17,9,0,0,0.95,8.2,45.028
2008,11,17,12,0,0,0.95,8.2,74.028
2008,11,17,15,0,0,0.83,7.7,67.028
2008,11,17,18,0,0,0.81,7.7,41.028
2008,11,17,21,0,0,0.68,8.2,52.028
2008,11,18,0,0,0,0.68,8.8,95.028
2008,11,18,3,0,0,0.86,8.8,58.028
2008,11,18,6,0,0,1.05,8.2,54.028
2008,11,18,9,0,0,1.31,5,9.028
2008,11,18,12,0,0,1.09,6.9,19.028
2008,11,18,15,0,0,1.15,7.7,75.028
2008,11,18,18,0,0,1.53,5.2,15.028
2008,11,18,21,0,0,1.83,7.7,21.028
2008,11,19,0,0,0,1.46,5.2,3.028
2008,11,19,3,0,0,1.36,5.7,22.028
2008,11,19,6,0,0,1.34,8.8,21.028
2008,11,19,9,0,0,1.46,8.8,31.028
2008,11,19,12,0,0,1.6,8.8,19.028
2008,11,19,15,0,0,1.71,8.8,22.028
2008,11,19,18,0,0,1.42,9.4,91.028
2008,11,19,21,0,0,1.2,9.4,28.028
2008,11,20,0,0,0,1.19,9.4,37.028
2008,11,20,3,0,0,1.08,8.8,35.028
2008,11,20,6,0,0,1.08,10.2,21.028
2008,11,20,9,0,0,1,9.4,77.028
2008,11,20,12,0,0,1.04,13.4,53.028
2008,11,20,15,0,0,1.03,13.4,52.028
2008,11,20,18,0,0,0.98,13.4,47.028
2008,11,20,21,0,0,1.13,13.4,57.028
2008,11,21,0,0,0,0.99,12.1,50.028
2008,11,21,3,0,0,0.98,13.4,49.028
2008,11,21,6,0,0,0.92,13.4,66.028
2008,11,21,9,0,0,0.85,13.4,56.028
2008,11,21,12,0,0,0.97,12.1,52.028
2008,11,21,15,0,0,1.61,5.2,349.03
2008,11,21,18,0,0,1.79,6.5,12.028
2008,11,21,21,0,0,1.62,5.7,354.03
2008,11,22,0,0,0,1.63,5.7,349.03
2008,11,22,3,0,0,1.48,5.2,11.028
2008,11,22,6,0,0,1.52,8.2,24.028
2008,11,22,9,0,0,1.54,5.7,7.028
2008,11,22,12,0,0,1.58,8.2,13.028
2008,11,22,15,0,0,1.6,5.2,84.028
2008,11,22,18,0,0,1.38,8.8,36.028
2008,11,22,21,0,0,1.29,6.9,55.028
2008,11,23,0,0,0,1.33,10.2,55.028
2008,11,23,3,0,0,1.38,8.8,31.028
2008,11,23,6,0,0,1.18,7.3,72.028
2008,11,23,9,0,0,1.44,9.4,35.028
2008,11,23,12,0,0,1.44,10.2,46.028
2008,11,23,15,0,0,1.36,4.3,45.028
2008,11,23,18,0,0,1.3,3.8,11.028
2008,11,23,21,0,0,1.19,11.1,48.028
2008,11,24,0,0,0,1.11,12.1,46.028
2008,11,24,3,0,0,0.96,12.1,62.028
2008,11,24,6,0,0,1.2,12.1,59.028
2008,11,24,9,0,0,1.17,12.1,59.028
2008,11,24,12,0,0,1.03,5.7,99.028
2008,11,24,15,0,0,1.24,6.5,74.028
2008,11,24,18,0,0,1.17,6.9,105.03
2008,11,24,21,0,0,1.09,7.3,84.028
2008,11,25,0,0,0,1.07,7.3,74.028
2008,11,25,3,0,0,0.89,6.5,95.028
2008,11,25,6,0,0,0.76,9.4,68.028
2008,11,25,9,0,0,0.7,12.1,61.028
2008,11,25,12,0,0,0.66,11.1,58.028
2008,11,25,15,0,0,0.57,9.4,44.028
2008,11,25,18,0,0,0.53,11.1,37.028
2008,11,25,21,0,0,0.58,10.2,66.028
2008,11,26,0,0,0,0.78,10.2,74.028
2008,11,26,3,0,0,1.11,4.8,8.028
2008,11,26,6,0,0,0.97,4.6,7.028
2008,11,26,9,0,0,0.91,6.5,65.028
2008,11,26,12,0,0,0.89,9.4,114.03
2008,11,26,15,0,0,0.77,9.4,65.028
2008,11,26,18,0,0,0.66,6.5,16.028
2008,11,26,21,0,0,0.59,5.7,80.028
2008,11,27,0,0,0,0.55,6.2,27.028
2008,11,27,3,0,0,0.55,6.2,57.028
2008,11,27,6,0,0,0.52,9.4,53.028
2008,11,27,9,0,0,0.56,9.4,59.028
2008,11,27,12,0,0,0.54,7.3,56.028
2008,11,27,15,0,0,0.57,8.8,66.028
2008,11,27,18,0,0,0.58,9.4,57.028
2008,11,27,21,0,0,0.59,8.8,84.028
2008,11,28,0,0,0,0.66,11.1,55.028
2008,11,28,3,0,0,0.6,11.1,65.028
2008,11,28,6,0,0,0.72,13.4,42.028
2008,11,28,9,0,0,0.73,13.4,52.028
2008,11,28,12,0,0,0.81,13.4,56.028
2008,11,28,15,0,0,0.95,13.4,59.028
2008,11,28,18,0,0,0.81,13.4,51.028
2008,11,28,21,0,0,0.74,11.1,54.028
2008,11,29,0,0,0,0.7,12.1,61.028
2008,11,29,3,0,0,0.73,13.4,57.028
2008,11,29,6,0,0,0.81,12.1,57.028
2008,11,29,9,0,0,0.66,11.1,78.028
2008,11,29,12,0,0,0.72,12.1,55.028
2008,11,29,15,0,0,0.75,13.4,55.028
2008,11,29,18,0,0,0.74,12.1,54.028
2008,11,29,21,0,0,0.71,12.1,62.028
2008,11,30,0,0,0,0.71,12.1,61.028
2008,11,30,3,0,0,0.79,12.1,5.028
2008,11,30,6,0,0,0.88,12.1,64.028
2008,11,30,9,0,0,0.98,12.1,64.028
2008,11,30,12,0,0,0.95,12.1,58.028
2008,11,30,15,0,0,1.08,12.1,49.028
2008,11,30,18,0,0,0.98,7.7,90.028
2008,11,30,21,0,0,0.74,12.1,59.028
2008,12,1,0,0,0,0.78,12.1,66.028
2008,12,1,3,0,0,0.7,11.1,61.028
2008,12,1,6,0,0,0.71,11.1,65.028
2008,12,1,9,0,0,0.62,12.1,51.028
2008,12,1,12,0,0,0.71,12.1,64.028
2008,12,1,15,0,0,0.74,12.1,57.028
2008,12,1,18,0,0,0.68,12.1,59.028
2008,12,1,21,0,0,0.58,12.1,56.028
2008,12,2,0,0,0,0.61,11.1,67.028
2008,12,2,3,0,0,0.69,11.1,58.028
2008,12,2,6,0,0,0.66,12.1,62.028
2008,12,2,9,0,0,0.94,14.9,62.028
2008,12,2,12,0,0,1.12,13.4,61.028
2008,12,2,15,0,0,0.92,14.9,65.028
2008,12,2,18,0,0,0.92,14.9,53.028
2008,12,2,21,0,0,0.86,13.4,62.028
2008,12,3,0,0,0,0.91,13.4,74.028
2008,12,3,3,0,0,1.09,13.4,65.028
2008,12,3,6,0,0,1.07,13.4,45.028
2008,12,3,9,0,0,1.05,7.3,30.028
2008,12,3,12,0,0,1.04,13.4,56.028
2008,12,3,15,0,0,0.86,12.1,41.028
2008,12,3,18,0,0,0.82,11.1,59.028
2008,12,3,21,0,0,0.93,12.1,59.028
2008,12,4,0,0,0,0.89,12.1,51.028
2008,12,4,3,0,0,0.87,12.1,31.028
2008,12,4,6,0,0,0.87,5,74.028
2008,12,4,9,0,0,0.88,11.1,51.028
2008,12,4,12,0,0,0.84,11.1,100.03
2008,12,4,15,0,0,0.85,5.4,99.028
2008,12,4,18,0,0,0.71,5.4,6.028
2008,12,4,21,0,0,0.7,10.2,59.028
2008,12,5,0,0,0,0.7,11.1,72.028
2008,12,5,3,0,0,0.65,10.2,44.028
2008,12,5,6,0,0,0.58,9.4,56.028
2008,12,5,9,0,0,0.68,6.9,62.028
2008,12,5,12,0,0,0.7,9.4,59.028
2008,12,5,15,0,0,0.69,10.2,67.028
2008,12,5,18,0,0,0.68,13.4,57.028
2008,12,5,21,0,0,0.71,9.4,45.028
2008,12,6,0,0,0,0.6,8.8,59.028
2008,12,6,3,0,0,0.51,8.2,69.028
2008,12,6,6,0,0,0.56,14.9,65.028
2008,12,6,9,0,0,0.51,7.7,50.028
2008,12,6,12,0,0,0.46,8.8,72.028
2008,12,6,15,0,0,0.49,9.4,67.028
2008,12,6,18,0,0,0.49,13.4,61.028
2008,12,6,21,0,0,0.4,13.4,59.028
2008,12,7,0,0,0,0.39,9.4,44.028
2008,12,7,3,0,0,0.36,12.1,73.028
2008,12,7,6,0,0,0.6,10.2,58.028
2008,12,7,9,0,0,0.93,3.9,357.03
2008,12,7,12,0,0,1.1,4.6,9.028
2008,12,7,15,0,0,1.02,7.3,34.028
2008,12,7,18,0,0,1.06,4.3,30.028
2008,12,7,21,0,0,1.2,4.5,0.028
2008,12,8,0,0,0,1.05,4.2,23.028
2008,12,8,3,0,0,0.9,8.2,23.028
2008,12,8,6,0,0,0.85,7.7,12.028
2008,12,8,9,0,0,0.87,11.1,90.028
2008,12,8,12,0,0,0.88,4.5,75.028
2008,12,8,15,0,0,0.69,11.1,60.028
2008,12,8,18,0,0,0.98,4.3,42.028
2008,12,8,21,0,0,1.42,5.4,33.028
2008,12,9,0,0,0,1.85,6.9,81.028
2008,12,9,3,0,0,1.61,6.5,108.03
2008,12,9,6,0,0,1.45,6.5,37.028
2008,12,9,9,0,0,1.28,6.9,81.028
2008,12,9,12,0,0,1.71,6.5,50.028
2008,12,9,15,0,0,1.5,7.3,78.028
2008,12,9,18,0,0,1.59,7.3,80.028
2008,12,9,21,0,0,1.66,8.2,27.028
2008,12,10,0,0,0,1.75,8.2,0.028
2008,12,10,3,0,0,1.44,8.2,66.028
2008,12,10,6,0,0,1.38,7.7,51.028
2008,12,10,9,0,0,1.11,7.7,38.028
2008,12,10,12,0,0,1.17,7.7,82.028
2008,12,10,15,0,0,1.15,7.7,53.028
2008,12,10,18,0,0,1.16,8.2,51.028
2008,12,10,21,0,0,1.09,8.8,48.028
2008,12,11,0,0,0,1.27,9.4,53.028
2008,12,11,3,0,0,1.34,8.8,50.028
2008,12,11,6,0,0,1.26,6.9,71.028
2008,12,11,9,0,0,1.23,8.8,94.028
2008,12,11,12,0,0,1.35,5.9,113.03
2008,12,11,15,0,0,1.04,5.7,103.03
2008,12,11,18,0,0,0.84,9.4,65.028
2008,12,11,21,0,0,0.88,8.2,56.028
2008,12,12,0,0,0,0.66,8.8,76.028
2008,12,12,3,0,0,0.67,10.2,58.028
2008,12,12,6,0,0,0.52,9.4,55.028
2008,12,12,9,0,0,0.51,8.8,52.028
2008,12,12,12,0,0,0.78,9.4,83.028
2008,12,12,15,0,0,0.73,8.8,51.028
2008,12,12,18,0,0,0.83,9.4,59.028
2008,12,12,21,0,0,0.83,9.4,86.028
2008,12,13,0,0,0,1.09,9.4,88.028
2008,12,13,3,0,0,1.33,8.8,47.028
2008,12,13,6,0,0,1.25,8.8,46.028
2008,12,13,9,0,0,1.28,5.9,66.028
2008,12,13,12,0,0,1.45,8.8,65.028
2008,12,13,15,0,0,1.55,4.8,3.028
2008,12,13,18,0,0,1.25,9.4,107.03
2008,12,13,21,0,0,1.51,4.6,90.028
2008,12,14,0,0,0,1.53,5.9,104.03
2008,12,14,3,0,0,1.87,5.2,97.028
2008,12,14,6,0,0,2,7.3,59.028
2008,12,14,9,0,0,1.69,7.3,71.028
2008,12,14,12,0,0,1.37,7.3,84.028
2008,12,14,15,0,0,1.6,5.2,102.03
2008,12,14,18,0,0,1.62,7.7,53.028
2008,12,14,21,0,0,1.82,8.8,57.028
2008,12,15,0,0,0,1.49,8.8,76.028
2008,12,15,3,0,0,1.82,8.2,87.028
2008,12,15,6,0,0,1.68,8.2,105.03
2008,12,15,9,0,0,1.43,7.3,99.028
2008,12,15,12,0,0,1.29,8.8,79.028
2008,12,15,15,0,0,1.23,8.2,52.028
2008,12,15,18,0,0,1.26,8.2,88.028
2008,12,15,21,0,0,1.33,9.4,6.028
2008,12,16,0,0,0,1.36,9.4,52.028
2008,12,16,3,0,0,1.2,8.2,53.028
2008,12,16,6,0,0,1.33,10.2,67.028
2008,12,16,9,0,0,1.27,10.2,67.028
2008,12,16,12,0,0,1.26,9.4,65.028
2008,12,16,15,0,0,1.2,9.4,58.028
2008,12,16,18,0,0,1.19,11.1,62.028
2008,12,16,21,0,0,1.39,10.2,71.028
2008,12,17,0,0,0,1.15,11.1,77.028
2008,12,17,3,0,0,1.2,11.1,69.028
2008,12,17,6,0,0,1.13,10.2,83.028
2008,12,17,9,0,0,1.15,11.1,56.028
2008,12,17,12,0,0,1,11.1,57.028
2008,12,17,15,0,0,1.01,10.2,70.028
2008,12,17,18,0,0,0.92,11.1,39.028
2008,12,17,21,0,0,0.96,11.1,52.028
2008,12,18,0,0,0,0.99,9.4,51.028
2008,12,18,3,0,0,1.05,11.1,60.028
2008,12,18,6,0,0,0.97,11.1,55.028
2008,12,18,9,0,0,1.02,11.1,57.028
2008,12,18,12,0,0,0.97,11.1,67.028
2008,12,18,15,0,0,0.95,11.1,75.028
2008,12,18,18,0,0,1,11.1,86.028
2008,12,18,21,0,0,1.14,11.1,58.028
2008,12,19,0,0,0,1.08,10.2,66.028
2008,12,19,3,0,0,1.06,12.1,62.028
2008,12,19,6,0,0,1.24,11.1,58.028
2008,12,19,9,0,0,1.01,10.2,80.028
2008,12,19,12,0,0,0.96,11.1,38.028
2008,12,19,15,0,0,0.84,11.1,57.028
2008,12,19,18,0,0,0.98,11.1,57.028
2008,12,19,21,0,0,0.88,9.4,35.028
2008,12,20,0,0,0,1.01,10.2,67.028
2008,12,20,3,0,0,0.84,10.2,60.028
2008,12,20,6,0,0,0.84,10.2,72.028
2008,12,20,9,0,0,0.74,11.1,66.028
2008,12,20,12,0,0,0.78,9.4,36.028
2008,12,20,15,0,0,0.79,10.2,67.028
2008,12,20,18,0,0,0.66,10.2,38.028
2008,12,20,21,0,0,0.67,10.2,44.028
2008,12,21,0,0,0,0.77,9.4,87.028
2008,12,21,3,0,0,0.65,11.1,57.028
2008,12,21,6,0,0,0.65,9.4,71.028
2008,12,21,9,0,0,0.62,10.2,86.028
2008,12,21,12,0,0,0.55,10.2,73.028
2008,12,21,15,0,0,0.52,10.2,62.028
2008,12,21,18,0,0,0.57,9.4,55.028
2008,12,21,21,0,0,0.49,10.2,68.028
2008,12,22,0,0,0,0.88,10.2,55.028
2008,12,22,3,0,0,1.08,5,359.03
2008,12,22,6,0,0,1.21,4.8,20.028
2008,12,22,9,0,0,1.5,5.2,9.028
2008,12,22,12,0,0,1.48,5.9,13.028
2008,12,22,15,0,0,1.57,5.9,357.03
2008,12,22,18,0,0,1.48,5.9,2.028
2008,12,22,21,0,0,1.31,9.4,64.028
2008,12,23,0,0,0,1.42,4.6,59.028
2008,12,23,3,0,0,1.61,4.8,37.028
2008,12,23,6,0,0,1.54,4.8,39.028
2008,12,23,9,0,0,1.61,4.5,111.03
2008,12,23,12,0,0,1.54,6.2,93.028
2008,12,23,15,0,0,1.55,5.9,21.028
2008,12,23,18,0,0,1.79,5,35.028
2008,12,23,21,0,0,1.58,7.3,85.028
2008,12,24,0,0,0,1.74,7.3,22.028
2008,12,24,3,0,0,1.6,7.7,21.028
2008,12,24,6,0,0,1.63,8.2,16.028
2008,12,24,9,0,0,1.49,7.7,94.028
2008,12,24,12,0,0,1.49,7.3,23.028
2008,12,24,15,0,0,1.36,7.3,107.03
2008,12,24,18,0,0,1.31,6.2,46.028
2008,12,24,21,0,0,1.13,6.2,103.03
2008,12,25,0,0,0,1.36,8.2,55.028
2008,12,25,3,0,0,1.39,6.9,45.028
2008,12,25,6,0,0,1.36,5,51.028
2008,12,25,9,0,0,1.37,5.9,75.028
2008,12,25,12,0,0,1.2,7.3,9.028
2008,12,25,15,0,0,1.21,7.3,77.028
2008,12,25,18,0,0,0.99,8.8,73.028
2008,12,25,21,0,0,0.82,7.7,77.028
2008,12,26,0,0,0,1.01,8.2,83.028
2008,12,26,3,0,0,1.07,8.8,57.028
2008,12,26,6,0,0,1.21,7.7,76.028
2008,12,26,9,0,0,1.08,5,101.03
2008,12,26,12,0,0,1.05,4.8,47.028
2008,12,26,15,0,0,1.16,7.7,107.03
2008,12,26,18,0,0,0.96,4.6,83.028
2008,12,26,21,0,0,1.07,9.4,82.028
2008,12,27,0,0,0,1.27,4.8,114.03
2008,12,27,3,0,0,1.31,5.2,106.03
2008,12,27,6,0,0,1.31,5.7,86.028
2008,12,27,9,0,0,1.28,5.2,60.028
2008,12,27,12,0,0,1.21,5.9,109.03
2008,12,27,15,0,0,1.46,6.5,54.028
2008,12,27,18,0,0,1.23,6.5,73.028
2008,12,27,21,0,0,1.17,7.3,62.028
2008,12,28,0,0,0,1.32,8.8,15.028
2008,12,28,3,0,0,1.23,8.2,49.028
2008,12,28,6,0,0,1.11,8.2,68.028
2008,12,28,9,0,0,1,9.4,65.028
2008,12,28,12,0,0,0.81,8.2,48.028
2008,12,28,15,0,0,1.05,9.4,62.028
2008,12,28,18,0,0,1.06,8.8,87.028
2008,12,28,21,0,0,0.92,8.8,70.028
2008,12,29,0,0,0,0.81,6.5,46.028
2008,12,29,3,0,0,0.87,10.2,67.028
2008,12,29,6,0,0,0.9,10.2,57.028
2008,12,29,9,0,0,0.84,9.4,61.028
2008,12,29,12,0,0,0.74,9.4,71.028
2008,12,29,15,0,0,0.77,9.4,71.028
2008,12,29,18,0,0,0.89,9.4,69.028
2008,12,29,21,0,0,0.71,9.4,74.028
2008,12,30,0,0,0,0.65,10.2,71.028
2008,12,30,3,0,0,0.75,8.8,46.028
2008,12,30,6,0,0,0.97,8.8,71.028
2008,12,30,9,0,0,0.98,9.4,70.028
2008,12,30,12,0,0,0.92,10.2,68.028
2008,12,30,15,0,0,0.82,9.4,45.028
2008,12,30,18,0,0,0.88,9.4,55.028
2008,12,30,21,0,0,0.69,9.4,61.028
2008,12,31,0,0,0,0.73,10.2,54.028
2008,12,31,3,0,0,0.53,9.4,69.028
2008,12,31,6,0,0,0.56,9.4,44.028
2008,12,31,9,0,0,0.56,8.8,71.028
2008,12,31,12,0,0,0.53,8.8,54.028
2008,12,31,15,0,0,0.54,8.8,59.028
2008,12,31,18,0,0,0.49,9.4,72.028
2008,12,31,21,0,0,0.62,4.2,359.03
