2015,1,1,0,2,1,1.31,8.39,60.42,-6.57
2015,1,1,3,2,1,1.34,7.22,71.31,-6.57
2015,1,1,6,2,1,1.29,6.69,71.56,-6.57
2015,1,1,9,2,1,1.24,6.29,76.52,-6.57
2015,1,1,12,2,1,1.26,5.72,83.45,-6.57
2015,1,1,15,2,1,1.33,6.1,77.84,-6.57
2015,1,1,18,2,1,1.18,6.37,84.67,-6.57
2015,1,1,21,2,1,1.22,7.04,72.28,-6.57
2015,1,2,0,2,1,1.14,6.33,76.94,-6.57
2015,1,2,3,2,1,1.19,7.21,71.49,-6.57
2015,1,2,6,2,1,1.01,8.35,77.62,-6.57
2015,1,2,9,2,1,0.93,8.58,74.96,-6.57
2015,1,2,12,2,1,0.86,5.87,93.53,-6.57
2015,1,2,15,2,1,0.91,6.3,90.71,-6.57
2015,1,2,18,2,1,0.81,6.22,88.48,-6.57
2015,1,2,21,2,1,0.81,6.29,92.18,-6.57
2015,1,3,0,2,1,0.68,7.34,73.88,-6.57
2015,1,3,3,2,1,0.8,6.66,78.33,-6.57
2015,1,3,6,2,1,0.8,4.55,98.25,-6.57
2015,1,3,9,2,1,0.84,5.45,92.17,-6.57
2015,1,3,12,2,1,0.79,5.09,97.99,-6.57
2015,1,3,15,2,1,1.09,5.31,97.35,-6.57
2015,1,3,18,2,1,0.97,5.18,107.15,-6.57
2015,1,3,21,2,1,0.74,5.39,108.37,-6.57
2015,1,4,0,2,1,0.88,5.37,97.63,-6.57
2015,1,4,3,2,1,0.87,4.93,113.18,-6.57
2015,1,4,6,2,1,0.86,6.13,86.99,-6.57
2015,1,4,9,2,1,0.96,5.84,100.46,-6.57
2015,1,4,12,2,1,0.95,5.87,94.92,-6.57
2015,1,4,15,2,1,0.89,6.68,90.59,-6.57
2015,1,4,18,2,1,0.78,6.74,91.08,-6.57
2015,1,4,21,2,1,0.66,6.7,89.46,-6.57
2015,1,5,0,2,1,0.62,7.97,82.08,-6.57
2015,1,5,3,2,1,0.67,7.07,90.2,-6.57
2015,1,5,6,2,1,0.71,7.57,89.39,-6.57
2015,1,5,9,2,1,0.72,7.73,85.99,-6.57
2015,1,5,12,2,1,1.14,4.7,32.71,-6.57
2015,1,5,15,2,1,1.09,4.46,31,-6.57
2015,1,5,18,2,1,1.14,4.36,31.98,-6.57
2015,1,5,21,2,1,0.97,8.1,81.25,-6.57
2015,1,6,0,2,1,0.96,7.19,74.04,-6.57
2015,1,6,3,2,1,0.83,8.06,71.83,-6.57
2015,1,6,6,2,1,0.78,7.24,69.2,-6.57
2015,1,6,9,2,1,0.81,8,75.75,-6.57
2015,1,6,12,2,1,0.79,8.6,83.93,-6.57
2015,1,6,15,2,1,0.71,7.43,76.88,-6.57
2015,1,6,18,2,1,0.73,8.65,85.59,-6.57
2015,1,6,21,2,1,0.7,9.11,90.7,-6.57
2015,1,7,0,2,1,0.59,8.73,82.31,-6.57
2015,1,7,3,2,1,0.62,9.26,82.34,-6.57
2015,1,7,6,2,1,0.71,4.09,38.35,-6.57
2015,1,7,9,2,1,0.88,4.65,32.4,-6.57
2015,1,7,12,2,1,0.72,9.14,82.01,-6.57
2015,1,7,15,2,1,0.55,9.08,87.57,-6.57
2015,1,7,18,2,1,0.56,8.81,83.58,-6.57
2015,1,7,21,2,1,0.61,9.75,81.44,-6.57
2015,1,8,0,2,1,0.96,4.35,36.68,-6.57
2015,1,8,3,2,1,1.76,6.39,40.24,-6.57
2015,1,8,6,2,1,2.03,6.86,39.98,-6.57
2015,1,8,9,2,1,1.48,6.22,42.93,-6.57
2015,1,8,12,2,1,1.66,5.78,42.56,-6.57
2015,1,8,15,2,1,1.75,5.72,51.48,-6.57
2015,1,8,18,2,1,1.55,5.27,57.66,-6.57
2015,1,8,21,2,1,1.6,9.69,61.53,-6.57
2015,1,9,0,2,1,1.33,10.46,62.97,-6.57
2015,1,9,3,2,1,1.24,10.08,63.42,-6.57
2015,1,9,6,2,1,1.26,10.97,62.57,-6.57
2015,1,9,9,2,1,1.22,10.42,63.83,-6.57
2015,1,9,12,2,1,1.12,9.25,67.68,-6.57
2015,1,9,15,2,1,1.21,10.88,68,-6.57
2015,1,9,18,2,1,1.36,9.3,71.48,-6.57
2015,1,9,21,2,1,1.1,9.7,72.45,-6.57
2015,1,10,0,2,1,1.03,10.34,71.66,-6.57
2015,1,10,3,2,1,1.1,9.82,78.81,-6.57
2015,1,10,6,2,1,1.05,9.46,72.94,-6.57
2015,1,10,9,2,1,0.92,9.43,78.56,-6.57
2015,1,10,12,2,1,0.89,4.15,31.76,-6.57
2015,1,10,15,2,1,0.96,4.2,33.78,-6.57
2015,1,10,18,2,1,0.79,9.09,77.47,-6.57
2015,1,10,21,2,1,0.99,4.47,68.33,-6.57
2015,1,11,0,2,1,0.96,4.8,66.6,-6.57
2015,1,11,3,2,1,0.9,4.75,76.39,-6.57
2015,1,11,6,2,1,0.91,5.56,80.51,-6.57
2015,1,11,9,2,1,1.35,6.34,79.02,-6.57
2015,1,11,12,2,1,1.39,6.73,68.14,-6.57
2015,1,11,15,2,1,1.46,7.95,66.33,-6.57
2015,1,11,18,2,1,1.31,7.35,72.15,-6.57
2015,1,11,21,2,1,1.45,7.59,71.55,-6.57
2015,1,12,0,2,1,1.58,7.38,77.47,-6.57
2015,1,12,3,2,1,1.61,7.88,77.34,-6.57
2015,1,12,6,2,1,1.47,8.24,78.47,-6.57
2015,1,12,9,2,1,1.53,8.51,77.18,-6.57
2015,1,12,12,2,1,1.32,8.24,75.63,-6.57
2015,1,12,15,2,1,1.33,8.14,80.59,-6.57
2015,1,12,18,2,1,1.23,8.37,76.16,-6.57
2015,1,12,21,2,1,1.41,8.06,74.02,-6.57
2015,1,13,0,2,1,1.27,8.25,76.39,-6.57
2015,1,13,3,2,1,1.2,8.7,76.21,-6.57
2015,1,13,6,2,1,1.26,8.12,72.6,-6.57
2015,1,13,9,2,1,1.11,8.83,80.32,-6.57
2015,1,13,12,2,1,1.12,8.78,79.93,-6.57
2015,1,13,15,2,1,0.93,8.95,78.77,-6.57
2015,1,13,18,2,1,0.93,9.26,79.3,-6.57
2015,1,13,21,2,1,0.91,8.32,76.87,-6.57
2015,1,14,0,2,1,0.98,8.91,77.06,-6.57
2015,1,14,3,2,1,1.12,9.05,75.66,-6.57
2015,1,14,6,2,1,1.03,8.46,78.65,-6.57
2015,1,14,9,2,1,1.22,8.83,78.92,-6.57
2015,1,14,12,2,1,1.08,8.65,74.61,-6.57
2015,1,14,15,2,1,1.42,8.8,56.79,-6.57
2015,1,14,18,2,1,1.35,9.05,60.22,-6.57
2015,1,14,21,2,1,1.32,8.83,68.29,-6.57
2015,1,15,0,2,1,1.37,7.86,63.39,-6.57
2015,1,15,3,2,1,1.35,9.35,72.9,-6.57
2015,1,15,6,2,1,1.33,9.77,77.9,-6.57
2015,1,15,9,2,1,1.23,9.67,78.43,-6.57
2015,1,15,12,2,1,1.13,9.74,81.07,-6.57
2015,1,15,15,2,1,1.03,9.28,73.81,-6.57
2015,1,15,18,2,1,1.16,9.54,69.46,-6.57
2015,1,15,21,2,1,1.31,10.08,71.72,-6.57
2015,1,16,0,2,1,1.21,9.85,73.17,-6.57
2015,1,16,3,2,1,1.13,9.58,75.95,-6.57
2015,1,16,6,2,1,0.97,9.8,79,-6.57
2015,1,16,9,2,1,1.15,9.4,76.37,-6.57
2015,1,16,12,2,1,1.2,9.73,71.33,-6.57
2015,1,16,15,2,1,1.21,9.9,73.73,-6.57
2015,1,16,18,2,1,1.24,10.05,74.58,-6.57
2015,1,16,21,2,1,1.08,9.81,72.12,-6.57
2015,1,17,0,2,1,1.16,9.23,72.72,-6.57
2015,1,17,3,2,1,1.03,8.75,68.93,-6.57
2015,1,17,6,2,1,0.96,9.49,75.06,-6.57
2015,1,17,9,2,1,0.95,9.52,76.14,-6.57
2015,1,17,12,2,1,1.06,9.27,73.62,-6.57
2015,1,17,15,2,1,0.99,9.52,74.28,-6.57
2015,1,17,18,2,1,0.93,9.58,79.29,-6.57
2015,1,17,21,2,1,0.95,9.79,76.48,-6.57
2015,1,18,0,2,1,1,9.7,81.34,-6.57
2015,1,18,3,2,1,0.96,9.45,77.63,-6.57
2015,1,18,6,2,1,0.92,10.05,75.5,-6.57
2015,1,18,9,2,1,0.85,9.48,74.93,-6.57
2015,1,18,12,2,1,0.73,6.99,83.8,-6.57
2015,1,18,15,2,1,0.67,10.06,79.77,-6.57
2015,1,18,18,2,1,0.58,9.67,76.33,-6.57
2015,1,18,21,2,1,0.68,9.62,74.71,-6.57
2015,1,19,0,2,1,0.68,9.99,76.83,-6.57
2015,1,19,3,2,1,0.87,9.21,68.01,-6.57
2015,1,19,6,2,1,0.8,9.4,75.1,-6.57
2015,1,19,9,2,1,0.86,9.15,72.99,-6.57
2015,1,19,12,2,1,0.89,9.46,74.15,-6.57
2015,1,19,15,2,1,0.85,7.19,61.15,-6.57
2015,1,19,18,2,1,0.81,8.81,71.11,-6.57
2015,1,19,21,2,1,0.69,9.02,68.63,-6.57
2015,1,20,0,2,1,0.72,9.14,72.77,-6.57
2015,1,20,3,2,1,0.72,9.62,75.16,-6.57
2015,1,20,6,2,1,0.64,9.6,76.44,-6.57
2015,1,20,9,2,1,0.63,10.2,82.73,-6.57
2015,1,20,12,2,1,0.68,9.99,81.49,-6.57
2015,1,20,15,2,1,0.59,9.43,85.25,-6.57
2015,1,20,18,2,1,0.57,10.15,85.09,-6.57
2015,1,20,21,2,1,0.55,10.05,76.17,-6.57
2015,1,21,0,2,1,0.56,9.97,79.98,-6.57
2015,1,21,3,2,1,0.61,9.68,83.32,-6.57
2015,1,21,6,2,1,0.57,10.13,81.42,-6.57
2015,1,21,9,2,1,0.55,10.01,85.12,-6.57
2015,1,21,12,2,1,0.52,10.54,87.88,-6.57
2015,1,21,15,2,1,0.49,9.98,78.99,-6.57
2015,1,21,18,2,1,0.5,10.27,87.24,-6.57
2015,1,21,21,2,1,0.47,10.39,84.85,-6.57
2015,1,22,0,2,1,0.56,10.36,86.67,-6.57
2015,1,22,3,2,1,0.56,9.93,82.29,-6.57
2015,1,22,6,2,1,0.64,9.67,93.36,-6.57
2015,1,22,9,2,1,0.61,11.02,87.39,-6.57
2015,1,22,12,2,1,0.62,9.96,87.09,-6.57
2015,1,22,15,2,1,0.63,10.52,81.13,-6.57
2015,1,22,18,2,1,0.57,10.54,75.93,-6.57
2015,1,22,21,2,1,0.64,10.43,81.73,-6.57
2015,1,23,0,2,1,0.79,10.32,82.6,-6.57
2015,1,23,3,2,1,1.01,4.56,95.63,-6.57
2015,1,23,6,2,1,0.97,4.56,99.34,-6.57
2015,1,23,9,2,1,0.89,4.89,105.22,-6.57
2015,1,23,12,2,1,0.82,4.93,108.82,-6.57
2015,1,23,15,2,1,0.83,4.75,108.81,-6.57
2015,1,23,18,2,1,0.82,4.69,115.96,-6.57
2015,1,23,21,2,1,0.89,4.71,110.65,-6.57
2015,1,24,0,2,1,0.66,5.03,114.35,-6.57
2015,1,24,3,2,1,0.7,4.57,117.42,-6.57
2015,1,24,6,2,1,0.68,4.89,118.67,-6.57
2015,1,24,9,2,1,0.74,5.26,122.31,-6.57
2015,1,24,12,2,1,0.37,5.01,105.5,-6.57
2015,1,24,15,2,1,0.35,9.32,78.94,-6.57
2015,1,24,18,2,1,0.37,9.79,75.66,-6.57
2015,1,24,21,2,1,0.39,10.12,87.09,-6.57
2015,1,25,0,2,1,0.4,4.07,20.67,-6.57
2015,1,25,3,2,1,0.48,9.45,60.55,-6.57
2015,1,25,6,2,1,0.69,4.35,33.92,-6.57
2015,1,25,9,2,1,0.8,4.45,35.51,-6.57
2015,1,25,12,2,1,0.67,8.62,56.5,-6.57
2015,1,25,15,2,1,0.52,8.81,63.76,-6.57
2015,1,25,18,2,1,0.49,7.78,54.81,-6.57
2015,1,25,21,2,1,0.53,10.35,77.41,-6.57
2015,1,26,0,2,1,0.46,10.33,76.64,-6.57
2015,1,26,3,2,1,0.43,10.83,79.3,-6.57
2015,1,26,6,2,1,0.38,10.13,70.67,-6.57
2015,1,26,9,2,1,0.34,10.34,87.5,-6.57
2015,1,26,12,2,1,0.32,10.12,95.92,-6.57
2015,1,26,15,2,1,0.26,10.1,77.65,-6.57
2015,1,26,18,2,1,0.26,4.07,19.86,-6.57
2015,1,26,21,2,1,0.32,4.42,24.69,-6.57
2015,1,27,0,2,1,0.33,4.08,15.36,-6.57
2015,1,27,3,2,1,0.47,6.79,37.86,-6.57
2015,1,27,6,2,1,0.76,7.98,49.12,-6.57
2015,1,27,9,2,1,0.98,9.4,52.92,-6.57
2015,1,27,12,2,1,0.87,9.27,49.92,-6.57
2015,1,27,15,2,1,0.8,10.11,51.08,-6.57
2015,1,27,18,2,1,0.8,9.84,52.6,-6.57
2015,1,27,21,2,1,0.7,9.26,50.94,-6.57
2015,1,28,0,2,1,0.62,8.25,43.5,-6.57
2015,1,28,3,2,1,1.08,5,35.51,-6.57
2015,1,28,6,2,1,0.9,8,47.99,-6.57
2015,1,28,9,2,1,0.98,8.35,48.64,-6.57
2015,1,28,12,2,1,0.93,7.27,51.55,-6.57
2015,1,28,15,2,1,0.94,4.1,36.77,-6.57
2015,1,28,18,2,1,1.06,4.35,34.92,-6.57
2015,1,28,21,2,1,1.24,12.21,61.91,-6.57
2015,1,29,0,2,1,1.31,11.88,61.44,-6.57
2015,1,29,3,2,1,1.17,11.38,61.9,-6.57
2015,1,29,6,2,1,1.16,7.34,59.69,-6.57
2015,1,29,9,2,1,1.24,8.2,61.85,-6.57
2015,1,29,12,2,1,1.16,11.42,66.57,-6.57
2015,1,29,15,2,1,1.17,10.97,69.34,-6.57
2015,1,29,18,2,1,1.02,10.97,72.01,-6.57
2015,1,29,21,2,1,1.08,11.17,73.33,-6.57
2015,1,30,0,2,1,1.12,10.91,73.28,-6.57
2015,1,30,3,2,1,0.94,9.95,75.91,-6.57
2015,1,30,6,2,1,0.94,9.56,75.63,-6.57
2015,1,30,9,2,1,0.92,9.83,77.38,-6.57
2015,1,30,12,2,1,0.66,9.18,72.68,-6.57
2015,1,30,15,2,1,0.69,11.06,76.43,-6.57
2015,1,30,18,2,1,0.61,10.29,76.94,-6.57
2015,1,30,21,2,1,0.77,4.09,40.33,-6.57
2015,1,31,0,2,1,1.1,4.93,41.74,-6.57
2015,1,31,3,2,1,1.13,5.28,40.12,-6.57
2015,1,31,6,2,1,1.06,7.46,56.23,-6.57
2015,1,31,9,2,1,1.09,7.36,54.57,-6.57
2015,1,31,12,2,1,1.19,8.2,55.26,-6.57
2015,1,31,15,2,1,1.11,7.4,55.34,-6.57
2015,1,31,18,2,1,1.03,8.68,57.28,-6.57
2015,1,31,21,2,1,0.81,8.59,50.76,-6.57
2015,2,1,0,2,1,0.9,8.32,63.31,-6.57
2015,2,1,3,2,1,1.01,4.2,89.55,-6.57
2015,2,1,6,2,1,0.99,4.54,94.62,-6.57
2015,2,1,9,2,1,1,8.71,66.22,-6.57
2015,2,1,12,2,1,1.06,9.98,66.59,-6.57
2015,2,1,15,2,1,1.23,10.15,71.95,-6.57
2015,2,1,18,2,1,1.06,10.54,72.11,-6.57
2015,2,1,21,2,1,1.17,11.21,71.06,-6.57
2015,2,2,0,2,1,1.07,5.44,99.73,-6.57
2015,2,2,3,2,1,1.13,11.12,71.63,-6.57
2015,2,2,6,2,1,0.96,10.54,68.31,-6.57
2015,2,2,9,2,1,0.81,11.33,72.76,-6.57
2015,2,2,12,2,1,0.83,10.6,72.41,-6.57
2015,2,2,15,2,1,0.73,10.68,74.49,-6.57
2015,2,2,18,2,1,0.64,11.09,72.8,-6.57
2015,2,2,21,2,1,0.57,10.94,81.35,-6.57
2015,2,3,0,2,1,0.6,11.77,68.31,-6.57
2015,2,3,3,2,1,0.97,5.13,32.36,-6.57
2015,2,3,6,2,1,1.04,4.55,36.16,-6.57
2015,2,3,9,2,1,0.99,8.45,49.34,-6.57
2015,2,3,12,2,1,0.95,4.18,38.26,-6.57
2015,2,3,15,2,1,0.9,4.29,32.5,-6.57
2015,2,3,18,2,1,0.92,4.3,36.31,-6.57
2015,2,3,21,2,1,0.84,7.24,67.16,-6.57
2015,2,4,0,2,1,0.7,7.79,59.06,-6.57
2015,2,4,3,2,1,0.8,7.5,58.48,-6.57
2015,2,4,6,2,1,0.78,8.06,61.49,-6.57
2015,2,4,9,2,1,0.9,7.79,62.13,-6.57
2015,2,4,12,2,1,0.9,8.6,65.11,-6.57
2015,2,4,15,2,1,0.84,8.44,68.49,-6.57
2015,2,4,18,2,1,1.03,9.7,70.83,-6.57
2015,2,4,21,2,1,0.98,9.58,74.38,-6.57
2015,2,5,0,2,1,1.02,10.46,73.35,-6.57
2015,2,5,3,2,1,0.99,10.3,71.05,-6.57
2015,2,5,6,2,1,0.92,9.69,73.22,-6.57
2015,2,5,9,2,1,0.83,5.18,114.91,-6.57
2015,2,5,12,2,1,0.7,10.78,70.97,-6.57
2015,2,5,15,2,1,1.07,4.44,35.43,-6.57
2015,2,5,18,2,1,1.18,4.75,33.65,-6.57
2015,2,5,21,2,1,1.23,4.91,34.74,-6.57
2015,2,6,0,2,1,1.27,5.56,40.57,-6.57
2015,2,6,3,2,1,1.45,5.62,43.59,-6.57
2015,2,6,6,2,1,1.59,5.56,44.47,-6.57
2015,2,6,9,2,1,1.59,5.06,49.55,-6.57
2015,2,6,12,2,1,1.81,8.39,56.74,-6.57
2015,2,6,15,2,1,1.39,8.08,65.53,-6.57
2015,2,6,18,2,1,1.46,9.16,66.61,-6.57
2015,2,6,21,2,1,1.62,9.26,63.06,-6.57
2015,2,7,0,2,1,1.66,9.2,64.61,-6.57
2015,2,7,3,2,1,1.32,9.26,71.56,-6.57
2015,2,7,6,2,1,1.17,8.83,68.73,-6.57
2015,2,7,9,2,1,1.25,9.13,68.52,-6.57
2015,2,7,12,2,1,1.14,10.74,65.18,-6.57
2015,2,7,15,2,1,1.1,10.1,69.84,-6.57
2015,2,7,18,2,1,1.13,10.16,70.91,-6.57
2015,2,7,21,2,1,1.06,10.51,69.62,-6.57
2015,2,8,0,2,1,0.99,8.69,68.52,-6.57
2015,2,8,3,2,1,1.04,10.62,71.66,-6.57
2015,2,8,6,2,1,0.99,10.51,69.92,-6.57
2015,2,8,9,2,1,0.96,10.52,74.73,-6.57
2015,2,8,12,2,1,0.86,10.24,79.9,-6.57
2015,2,8,15,2,1,0.85,10.26,75.18,-6.57
2015,2,8,18,2,1,0.82,10.65,74.52,-6.57
2015,2,8,21,2,1,0.86,10.24,75.4,-6.57
2015,2,9,0,2,1,0.64,9.05,79.68,-6.57
2015,2,9,3,2,1,0.68,10.63,80.98,-6.57
2015,2,9,6,2,1,0.64,9.7,72.81,-6.57
2015,2,9,9,2,1,0.67,11.21,82.17,-6.57
2015,2,9,12,2,1,0.64,9.58,82.04,-6.57
2015,2,9,15,2,1,0.58,9.59,83.62,-6.57
2015,2,9,18,2,1,0.51,8.82,80.93,-6.57
2015,2,9,21,2,1,0.67,4.06,45.12,-6.57
2015,2,10,0,2,1,0.72,4.13,51.81,-6.57
2015,2,10,3,2,1,0.55,9.54,78.04,-6.57
2015,2,10,6,2,1,0.46,10.65,79.32,-6.57
2015,2,10,9,2,1,0.39,11.2,80.7,-6.57
2015,2,10,12,2,1,0.35,11.81,81.01,-6.57
2015,2,10,15,2,1,0.65,4.16,28.68,-6.57
2015,2,10,18,2,1,0.93,5.02,36.46,-6.57
2015,2,10,21,2,1,1.27,5.59,39.69,-6.57
2015,2,11,0,2,1,1.22,9.4,45.87,-6.57
2015,2,11,3,2,1,1.26,6.79,48.18,-6.57
2015,2,11,6,2,1,1.21,9.3,52.91,-6.57
2015,2,11,9,2,1,1.49,10.53,55.84,-6.57
2015,2,11,12,2,1,1.41,11.89,57.53,-6.57
2015,2,11,15,2,1,1.55,12.01,61.07,-6.57
2015,2,11,18,2,1,1.75,13.34,59.78,-6.57
2015,2,11,21,2,1,1.48,13.32,60.1,-6.57
2015,2,12,0,2,1,1.58,13.59,65.42,-6.57
2015,2,12,3,2,1,1.58,13.53,67.56,-6.57
2015,2,12,6,2,1,1.81,13.12,66.03,-6.57
2015,2,12,9,2,1,1.7,12.96,66.99,-6.57
2015,2,12,12,2,1,1.47,13.69,65.97,-6.57
2015,2,12,15,2,1,1.36,13.59,68.15,-6.57
2015,2,12,18,2,1,1.35,14.52,66.28,-6.57
2015,2,12,21,2,1,1.34,13.75,72.29,-6.57
2015,2,13,0,2,1,1.38,14.21,69.67,-6.57
2015,2,13,3,2,1,1.51,13.75,72.81,-6.57
2015,2,13,6,2,1,1.49,13.13,71.08,-6.57
2015,2,13,9,2,1,1.43,12.73,71.32,-6.57
2015,2,13,12,2,1,1.42,13.46,72.43,-6.57
2015,2,13,15,2,1,1.25,13.78,71.3,-6.57
2015,2,13,18,2,1,1.22,13.83,67.66,-6.57
2015,2,13,21,2,1,1.21,12.9,63.08,-6.57
2015,2,14,0,2,1,1.16,13.51,68.11,-6.57
2015,2,14,3,2,1,1.21,12.88,70.91,-6.57
2015,2,14,6,2,1,1.22,12.99,71.33,-6.57
2015,2,14,9,2,1,1.22,12.89,71.29,-6.57
2015,2,14,12,2,1,1.25,13,66.53,-6.57
2015,2,14,15,2,1,1.22,12.57,69.6,-6.57
2015,2,14,18,2,1,1.1,12.8,70.79,-6.57
2015,2,14,21,2,1,0.92,11.98,69.42,-6.57
2015,2,15,0,2,1,0.89,12.69,68.79,-6.57
2015,2,15,3,2,1,0.73,12.5,71.29,-6.57
2015,2,15,6,2,1,0.82,12.14,70.52,-6.57
2015,2,15,9,2,1,0.58,11.91,79.08,-6.57
2015,2,15,12,2,1,0.74,11.94,75.4,-6.57
2015,2,15,15,2,1,1,5.38,39.71,-6.57
2015,2,15,18,2,1,0.84,4.55,39.96,-6.57
2015,2,15,21,2,1,0.77,4.26,41.63,-6.57
2015,2,16,0,2,1,0.72,5.77,49.05,-6.57
2015,2,16,3,2,1,0.8,6.33,51.1,-6.57
2015,2,16,6,2,1,1.03,10.06,56.44,-6.57
2015,2,16,9,2,1,1,9.48,58.58,-6.57
2015,2,16,12,2,1,0.87,9.65,64.22,-6.57
2015,2,16,15,2,1,0.99,11.4,68.11,-6.57
2015,2,16,18,2,1,0.95,11.48,64.32,-6.57
2015,2,16,21,2,1,0.83,11.28,66.96,-6.57
2015,2,17,0,2,1,0.93,10.96,69.78,-6.57
2015,2,17,3,2,1,0.87,11.11,69.65,-6.57
2015,2,17,6,2,1,0.89,11.88,74,-6.57
2015,2,17,9,2,1,0.78,12.31,74.82,-6.57
2015,2,17,12,2,1,0.74,12.4,70.49,-6.57
2015,2,17,15,2,1,0.77,12.07,68.59,-6.57
2015,2,17,18,2,1,0.69,12.85,73.46,-6.57
2015,2,17,21,2,1,0.68,12.63,70.83,-6.57
2015,2,18,0,2,1,0.74,12.22,75.82,-6.57
2015,2,18,3,2,1,0.64,12.23,67.21,-6.57
2015,2,18,6,2,1,0.62,11.83,80.07,-6.57
2015,2,18,9,2,1,0.63,4.06,25.9,-6.57
2015,2,18,12,2,1,0.8,7.02,48.74,-6.57
2015,2,18,15,2,1,0.72,7.13,49.76,-6.57
2015,2,18,18,2,1,0.69,7.59,46.15,-6.57
2015,2,18,21,2,1,0.58,7.76,46.44,-6.57
2015,2,19,0,2,1,0.5,7.16,48.7,-6.57
2015,2,19,3,2,1,0.77,4.25,32.26,-6.57
2015,2,19,6,2,1,1.31,5.71,36.17,-6.57
2015,2,19,9,2,1,1.3,5.54,39.55,-6.57
2015,2,19,12,2,1,1.08,7.63,47.06,-6.57
2015,2,19,15,2,1,0.85,7.94,49.92,-6.57
2015,2,19,18,2,1,0.69,8.26,46.71,-6.57
2015,2,19,21,2,1,0.71,9.41,58.33,-6.57
2015,2,20,0,2,1,0.87,9.55,52.05,-6.57
2015,2,20,3,2,1,1.03,4.86,44.11,-6.57
2015,2,20,6,2,1,1.13,4.93,41.09,-6.57
2015,2,20,9,2,1,1.02,4.81,38.01,-6.57
2015,2,20,12,2,1,0.87,8.13,57.91,-6.57
2015,2,20,15,2,1,0.84,8.12,58.98,-6.57
2015,2,20,18,2,1,0.94,7.96,60.86,-6.57
2015,2,20,21,2,1,0.87,7.64,63.88,-6.57
2015,2,21,0,2,1,0.98,4.13,67.25,-6.57
2015,2,21,3,2,1,0.92,4.45,78.58,-6.57
2015,2,21,6,2,1,1.18,4.65,83.67,-6.57
2015,2,21,9,2,1,1.15,4.7,103,-6.57
2015,2,21,12,2,1,1.14,5.16,94.51,-6.57
2015,2,21,15,2,1,1.08,5.49,91.27,-6.57
2015,2,21,18,2,1,1.13,5.29,95.84,-6.57
2015,2,21,21,2,1,1.06,5.44,101.59,-6.57
2015,2,22,0,2,1,1.12,5.93,97.36,-6.57
2015,2,22,3,2,1,0.99,5.78,90.22,-6.57
2015,2,22,6,2,1,1.06,5.8,91.52,-6.57
2015,2,22,9,2,1,1.08,6.58,82.98,-6.57
2015,2,22,12,2,1,0.84,6.44,86.33,-6.57
2015,2,22,15,2,1,0.77,6.62,84.86,-6.57
2015,2,22,18,2,1,0.78,6.8,79.62,-6.57
2015,2,22,21,2,1,0.73,8.77,75.98,-6.57
2015,2,23,0,2,1,0.71,9.05,78.74,-6.57
2015,2,23,3,2,1,0.78,8.02,83.04,-6.57
2015,2,23,6,2,1,0.89,9.24,81.32,-6.57
2015,2,23,9,2,1,0.84,8.61,79.48,-6.57
2015,2,23,12,2,1,0.77,9.17,84.41,-6.57
2015,2,23,15,2,1,0.77,8.47,78.95,-6.57
2015,2,23,18,2,1,0.71,9.01,85.71,-6.57
2015,2,23,21,2,1,0.74,9.53,85.77,-6.57
2015,2,24,0,2,1,0.74,9.49,81.53,-6.57
2015,2,24,3,2,1,0.68,9.65,86.07,-6.57
2015,2,24,6,2,1,0.63,9.24,77.64,-6.57
2015,2,24,9,2,1,0.7,9.05,81.81,-6.57
2015,2,24,12,2,1,0.68,10.46,88.06,-6.57
2015,2,24,15,2,1,0.78,10.94,84.18,-6.57
2015,2,24,18,2,1,0.95,11.5,64.53,-6.57
2015,2,24,21,2,1,1.14,11.59,60.93,-6.57
2015,2,25,0,2,1,1.18,11.14,60.3,-6.57
2015,2,25,3,2,1,1.07,11.17,65.88,-6.57
2015,2,25,6,2,1,1.06,10.91,66.68,-6.57
2015,2,25,9,2,1,0.99,10.43,62.37,-6.57
2015,2,25,12,2,1,0.85,10.26,68.49,-6.57
2015,2,25,15,2,1,0.82,10.3,69.95,-6.57
2015,2,25,18,2,1,0.84,10.04,74.41,-6.57
2015,2,25,21,2,1,0.84,10.09,75.18,-6.57
2015,2,26,0,2,1,0.8,10.63,78.39,-6.57
2015,2,26,3,2,1,0.8,10.58,76.37,-6.57
2015,2,26,6,2,1,0.57,10.64,82.19,-6.57
2015,2,26,9,2,1,0.73,10.69,81.32,-6.57
2015,2,26,12,2,1,0.65,10.71,85.15,-6.57
2015,2,26,15,2,1,0.6,10.62,90.1,-6.57
2015,2,26,18,2,1,0.55,10.42,86.62,-6.57
2015,2,26,21,2,1,0.51,10.46,84.1,-6.57
2015,2,27,0,2,1,0.7,4.08,27.27,-6.57
2015,2,27,3,2,1,0.8,4.18,29.65,-6.57
2015,2,27,6,2,1,1.13,4.52,31.16,-6.57
2015,2,27,9,2,1,1.13,4.52,32.26,-6.57
2015,2,27,12,2,1,1.24,4.97,37.4,-6.57
2015,2,27,15,2,1,1.34,5.2,31.02,-6.57
2015,2,27,18,2,1,1.33,4.35,30.8,-6.57
2015,2,27,21,2,1,1.28,5.27,62.84,-6.57
2015,2,28,0,2,1,1.45,6.11,71.72,-6.57
2015,2,28,3,2,1,1.68,6.89,77.6,-6.57
2015,2,28,6,2,1,1.61,6.87,77.46,-6.57
2015,2,28,9,2,1,1.8,7.41,75.46,-6.57
2015,2,28,12,2,1,1.84,7.53,73.08,-6.57
2015,2,28,15,2,1,1.85,7.75,70.7,-6.57
2015,2,28,18,2,1,1.83,7.78,72.7,-6.57
2015,2,28,21,2,1,1.64,7.21,76.65,-6.57
2015,3,1,0,2,1,1.72,7.96,75.04,-6.57
2015,3,1,3,2,1,1.68,7.64,76.08,-6.57
2015,3,1,6,2,1,1.71,8.67,73.18,-6.57
2015,3,1,9,2,1,1.31,8.84,68.39,-6.57
2015,3,1,12,2,1,1.32,8.94,71.2,-6.57
2015,3,1,15,2,1,1.35,9.16,74.87,-6.57
2015,3,1,18,2,1,1.21,9.51,68.8,-6.57
2015,3,1,21,2,1,1.21,9.24,71.35,-6.57
2015,3,2,0,2,1,1.33,9.34,70.85,-6.57
2015,3,2,3,2,1,1.33,9.16,79.02,-6.57
2015,3,2,6,2,1,1.15,9.26,75.49,-6.57
2015,3,2,9,2,1,1.2,9.6,72.45,-6.57
2015,3,2,12,2,1,1.24,9.09,70.67,-6.57
2015,3,2,15,2,1,1.1,9.42,72.94,-6.57
2015,3,2,18,2,1,1.09,9.1,80.76,-6.57
2015,3,2,21,2,1,0.98,9.04,79.34,-6.57
2015,3,3,0,2,1,0.98,9.17,77.74,-6.57
2015,3,3,3,2,1,0.88,9.12,77.34,-6.57
2015,3,3,6,2,1,0.83,9.04,73.78,-6.57
2015,3,3,9,2,1,0.86,9.13,80.96,-6.57
2015,3,3,12,2,1,0.81,8.75,79.23,-6.57
2015,3,3,15,2,1,0.93,8.84,80.22,-6.57
2015,3,3,18,2,1,0.88,8.7,79.84,-6.57
2015,3,3,21,2,1,0.93,8.64,86.2,-6.57
2015,3,4,0,2,1,0.86,8.52,82.6,-6.57
2015,3,4,3,2,1,0.89,8.6,75.68,-6.57
2015,3,4,6,2,1,0.82,8.82,84.62,-6.57
2015,3,4,9,2,1,0.78,8.99,83.32,-6.57
2015,3,4,12,2,1,0.82,8.81,76.92,-6.57
2015,3,4,15,2,1,0.87,8.39,78.55,-6.57
2015,3,4,18,2,1,0.94,9.22,78.74,-6.57
2015,3,4,21,2,1,0.66,9.67,86.02,-6.57
2015,3,5,0,2,1,0.69,10.2,79.87,-6.57
2015,3,5,3,2,1,0.73,10.52,81.97,-6.57
2015,3,5,6,2,1,0.72,10.11,86.51,-6.57
2015,3,5,9,2,1,0.9,10.56,87.57,-6.57
2015,3,5,12,2,1,0.81,10.45,79.59,-6.57
2015,3,5,15,2,1,0.85,10.58,85.76,-6.57
2015,3,5,18,2,1,0.91,10.48,87.2,-6.57
2015,3,5,21,2,1,0.75,10.27,85.93,-6.57
2015,3,6,0,2,1,0.66,10.02,78.34,-6.57
2015,3,6,3,2,1,0.7,10.44,83.54,-6.57
2015,3,6,6,2,1,0.68,10.03,85.96,-6.57
2015,3,6,9,2,1,0.65,10.22,83.72,-6.57
2015,3,6,12,2,1,0.7,9.68,83.99,-6.57
2015,3,6,15,2,1,0.75,10.08,84.6,-6.57
2015,3,6,18,2,1,1.14,4.69,33.72,-6.57
2015,3,6,21,2,1,1.51,4.64,31.2,-6.57
2015,3,7,0,2,1,1.49,5.58,38.56,-6.57
2015,3,7,3,2,1,1.31,9.5,54.73,-6.57
2015,3,7,6,2,1,1.54,5.02,38.78,-6.57
2015,3,7,9,2,1,1.6,10.42,58.87,-6.57
2015,3,7,12,2,1,1.65,9.16,59.41,-6.57
2015,3,7,15,2,1,1.41,5.51,62.8,-6.57
2015,3,7,18,2,1,1.49,8.65,67.76,-6.57
2015,3,7,21,2,1,1.46,8.58,68.54,-6.57
2015,3,8,0,2,1,1.33,8.03,66.99,-6.57
2015,3,8,3,2,1,1.24,8.95,69.38,-6.57
2015,3,8,6,2,1,1.35,4.26,79.82,-6.57
2015,3,8,9,2,1,1.24,8.46,69.72,-6.57
2015,3,8,12,2,1,1.05,9.12,68.32,-6.57
2015,3,8,15,2,1,1.01,9.32,69.01,-6.57
2015,3,8,18,2,1,0.93,8.43,75.76,-6.57
2015,3,8,21,2,1,0.9,8.74,69.64,-6.57
2015,3,9,0,2,1,0.85,9.21,71.41,-6.57
2015,3,9,3,2,1,0.81,8.83,71.15,-6.57
2015,3,9,6,2,1,0.77,9.16,73.87,-6.57
2015,3,9,9,2,1,0.74,8.06,75.72,-6.57
2015,3,9,12,2,1,0.72,8.78,76.71,-6.57
2015,3,9,15,2,1,0.7,8.77,76.19,-6.57
2015,3,9,18,2,1,0.69,8.54,74.61,-6.57
2015,3,9,21,2,1,0.77,8.9,74.31,-6.57
2015,3,10,0,2,1,0.79,9.01,82.45,-6.57
2015,3,10,3,2,1,0.74,8.67,83.21,-6.57
2015,3,10,6,2,1,0.82,4.53,96.26,-6.57
2015,3,10,9,2,1,0.83,4.64,100.98,-6.57
2015,3,10,12,2,1,0.8,5.37,97.75,-6.57
2015,3,10,15,2,1,0.88,5.86,88.32,-6.57
2015,3,10,18,2,1,0.84,5.26,94.75,-6.57
2015,3,10,21,2,1,0.77,5.3,92.22,-6.57
2015,3,11,0,2,1,0.74,5.98,86.83,-6.57
2015,3,11,3,2,1,0.78,5.92,88.2,-6.57
2015,3,11,6,2,1,0.9,4.75,101.27,-6.57
2015,3,11,9,2,1,0.81,4.73,103.67,-6.57
2015,3,11,12,2,1,0.77,4.56,102.27,-6.57
2015,3,11,15,2,1,0.64,4.85,96.74,-6.57
2015,3,11,18,2,1,0.68,5.26,93.1,-6.57
2015,3,11,21,2,1,0.72,8.09,89.54,-6.57
2015,3,12,0,2,1,0.68,8.44,84.84,-6.57
2015,3,12,3,2,1,0.62,7.88,88.08,-6.57
2015,3,12,6,2,1,0.67,8.57,87.84,-6.57
2015,3,12,9,2,1,0.65,7.87,87.48,-6.57
2015,3,12,12,2,1,0.63,8.41,91.38,-6.57
2015,3,12,15,2,1,0.6,8.55,89.82,-6.57
2015,3,12,18,2,1,0.64,8.34,83.73,-6.57
2015,3,12,21,2,1,0.62,8.69,85.16,-6.57
2015,3,13,0,2,1,0.87,4.39,105.25,-6.57
2015,3,13,3,2,1,1.08,5.09,107.56,-6.57
2015,3,13,6,2,1,1.09,5.35,94.68,-6.57
2015,3,13,9,2,1,1.3,5.61,98.1,-6.57
2015,3,13,12,2,1,1.23,5.67,101.56,-6.57
2015,3,13,15,2,1,1.34,6.05,99.35,-6.57
2015,3,13,18,2,1,1.24,9.17,61.41,-6.57
2015,3,13,21,2,1,1.38,9.05,60.99,-6.57
2015,3,14,0,2,1,1.44,8.79,62.72,-6.57
2015,3,14,3,2,1,1.33,9.29,66.58,-6.57
2015,3,14,6,2,1,1.37,8.78,72.25,-6.57
2015,3,14,9,2,1,1.34,8.51,72.12,-6.57
2015,3,14,12,2,1,1.17,8.42,75.52,-6.57
2015,3,14,15,2,1,1.18,8.69,72.84,-6.57
2015,3,14,18,2,1,1.01,8.14,77.56,-6.57
2015,3,14,21,2,1,1.04,8.71,75.86,-6.57
2015,3,15,0,2,1,0.92,8.64,76.71,-6.57
2015,3,15,3,2,1,0.85,8.59,84.24,-6.57
2015,3,15,6,2,1,0.8,8.32,80.94,-6.57
2015,3,15,9,2,1,0.74,9.35,77.83,-6.57
2015,3,15,12,2,1,0.81,9.3,84.69,-6.57
2015,3,15,15,2,1,0.72,8.43,82.8,-6.57
2015,3,15,18,2,1,0.67,8.29,83.6,-6.57
2015,3,15,21,2,1,0.62,8.54,81.9,-6.57
2015,3,16,0,2,1,0.68,8.35,81.18,-6.57
2015,3,16,3,2,1,0.65,8.71,91.27,-6.57
2015,3,16,6,2,1,0.6,8.08,89.56,-6.57
2015,3,16,9,2,1,0.63,8.95,85.77,-6.57
2015,3,16,12,2,1,0.59,8.8,80.73,-6.57
2015,3,16,15,2,1,0.61,9.26,91.24,-6.57
2015,3,16,18,2,1,0.58,8.79,84.67,-6.57
2015,3,16,21,2,1,0.58,9.11,81.88,-6.57
2015,3,17,0,2,1,0.55,9.51,84.76,-6.57
2015,3,17,3,2,1,0.56,9.06,79.03,-6.57
2015,3,17,6,2,1,0.46,9.07,84.38,-6.57
2015,3,17,9,2,1,0.48,8.15,85.25,-6.57
2015,3,17,12,2,1,0.5,11.86,73.73,-6.57
2015,3,17,15,2,1,0.6,11.08,64.83,-6.57
2015,3,17,18,2,1,0.56,10.59,62.2,-6.57
2015,3,17,21,2,1,0.63,10.3,70.19,-6.57
2015,3,18,0,2,1,0.52,10.12,70.41,-6.57
2015,3,18,3,2,1,0.48,9.25,72.45,-6.57
2015,3,18,6,2,1,0.35,10.14,66.39,-6.57
2015,3,18,9,2,1,0.35,9.92,78.59,-6.57
2015,3,18,12,2,1,0.4,12.32,70.91,-6.57
2015,3,18,15,2,1,0.5,10.19,68.29,-6.57
2015,3,18,18,2,1,0.51,11.44,75.25,-6.57
2015,3,18,21,2,1,0.46,11.25,67.61,-6.57
2015,3,19,0,2,1,0.53,11.26,70.28,-6.57
2015,3,19,3,2,1,0.91,7.77,52.58,-6.57
2015,3,19,6,2,1,1.04,8.25,54.48,-6.57
2015,3,19,9,2,1,1.06,9.63,58.72,-6.57
2015,3,19,12,2,1,1.07,9.7,63.71,-6.57
2015,3,19,15,2,1,1.25,9.48,58.96,-6.57
2015,3,19,18,2,1,1.19,8.05,63.6,-6.57
2015,3,19,21,2,1,1.17,9.89,64.05,-6.57
2015,3,20,0,2,1,1.07,9.59,69.92,-6.57
2015,3,20,3,2,1,1,7.5,69.8,-6.57
2015,3,20,6,2,1,1.01,8.25,67.53,-6.57
2015,3,20,9,2,1,1.07,7.79,72.34,-6.57
2015,3,20,12,2,1,0.94,7.4,73.35,-6.57
2015,3,20,15,2,1,1.01,7.51,68.3,-6.57
2015,3,20,18,2,1,0.96,8.01,72.16,-6.57
2015,3,20,21,2,1,0.98,7.77,71.9,-6.57
2015,3,21,0,2,1,0.96,7.18,73.24,-6.57
2015,3,21,3,2,1,0.93,10.28,68.57,-6.57
2015,3,21,6,2,1,0.85,7.42,69.51,-6.57
2015,3,21,9,2,1,0.85,7.82,72,-6.57
2015,3,21,12,2,1,0.74,10.66,73.42,-6.57
2015,3,21,15,2,1,0.76,10.69,71.41,-6.57
2015,3,21,18,2,1,0.73,10.08,68.76,-6.57
2015,3,21,21,2,1,0.63,9.23,76.01,-6.57
2015,3,22,0,2,1,0.61,11.01,78.59,-6.57
2015,3,22,3,2,1,0.61,8.37,67.16,-6.57
2015,3,22,6,2,1,0.58,10.06,64.98,-6.57
2015,3,22,9,2,1,0.54,10.5,72.57,-6.57
2015,3,22,12,2,1,0.56,10.04,71.8,-6.57
2015,3,22,15,2,1,0.5,9.51,72.27,-6.57
2015,3,22,18,2,1,0.48,9.98,67.81,-6.57
2015,3,22,21,2,1,0.51,9.61,71.79,-6.57
2015,3,23,0,2,1,0.53,9.58,60.58,-6.57
2015,3,23,3,2,1,0.59,9.33,71.85,-6.57
2015,3,23,6,2,1,0.53,9.41,69.15,-6.57
2015,3,23,9,2,1,0.42,9.82,73.22,-6.57
2015,3,23,12,2,1,0.39,8.67,70.16,-6.57
2015,3,23,15,2,1,0.36,8.86,72.48,-6.57
2015,3,23,18,2,1,0.34,9.43,72.62,-6.57
2015,3,23,21,2,1,0.35,8.53,69.42,-6.57
2015,3,24,0,2,1,0.32,8.61,58.22,-6.57
2015,3,24,3,2,1,0.58,8.85,61.11,-6.57
2015,3,24,6,2,1,0.69,8.35,56.87,-6.57
2015,3,24,9,2,1,0.75,9.1,52.75,-6.57
2015,3,24,12,2,1,0.67,9.3,51.87,-6.57
2015,3,24,15,2,1,0.83,9.76,55.86,-6.57
2015,3,24,18,2,1,0.93,9.63,56.41,-6.57
2015,3,24,21,2,1,0.95,9.41,57.57,-6.57
2015,3,25,0,2,1,1.15,8.81,63.44,-6.57
2015,3,25,3,2,1,1.21,8.84,62.87,-6.57
2015,3,25,6,2,1,1.02,8.66,64.68,-6.57
2015,3,25,9,2,1,1.08,9.24,62.47,-6.57
2015,3,25,12,2,1,1.04,9.17,72.98,-6.57
2015,3,25,15,2,1,1.1,9.22,68.56,-6.57
2015,3,25,18,2,1,1.02,8.8,63.87,-6.57
2015,3,25,21,2,1,1.13,8.05,70.45,-6.57
2015,3,26,0,2,1,1.07,8.14,67.39,-6.57
2015,3,26,3,2,1,0.93,8.23,69.85,-6.57
2015,3,26,6,2,1,0.92,7.95,72.64,-6.57
2015,3,26,9,2,1,0.98,8.24,68.65,-6.57
2015,3,26,12,2,1,1.03,8.03,66.61,-6.57
2015,3,26,15,2,1,0.88,8.45,74.78,-6.57
2015,3,26,18,2,1,0.93,8.48,68.66,-6.57
2015,3,26,21,2,1,0.86,8.22,71.5,-6.57
2015,3,27,0,2,1,0.93,8.14,82.31,-6.57
2015,3,27,3,2,1,0.71,8.13,75.15,-6.57
2015,3,27,6,2,1,0.61,8.17,80.44,-6.57
2015,3,27,9,2,1,0.57,7.7,76.39,-6.57
2015,3,27,12,2,1,0.55,7.66,80.75,-6.57
2015,3,27,15,2,1,0.59,8.01,80.91,-6.57
2015,3,27,18,2,1,0.53,8.58,78.54,-6.57
2015,3,27,21,2,1,0.52,8.47,88.15,-6.57
2015,3,28,0,2,1,0.46,8.83,78.66,-6.57
2015,3,28,3,2,1,0.68,4.17,14.35,-6.57
2015,3,28,6,2,1,0.84,4.41,33.62,-6.57
2015,3,28,9,2,1,0.76,4.65,34.5,-6.57
2015,3,28,12,2,1,0.74,7.6,59.05,-6.57
2015,3,28,15,2,1,0.59,9.11,65.35,-6.57
2015,3,28,18,2,1,0.58,9.07,76.82,-6.57
2015,3,28,21,2,1,0.57,8.09,77.38,-6.57
2015,3,29,0,2,1,0.62,8.01,56.54,-6.57
2015,3,29,3,2,1,0.64,8.46,63.22,-6.57
2015,3,29,6,2,1,0.68,7.86,59.08,-6.57
2015,3,29,9,2,1,0.81,8.23,65.98,-6.57
2015,3,29,12,2,1,0.85,7.94,63.34,-6.57
2015,3,29,15,2,1,1.04,8.28,63.81,-6.57
2015,3,29,18,2,1,0.9,7.61,69.6,-6.57
2015,3,29,21,2,1,0.89,9.07,62.73,-6.57
2015,3,30,0,2,1,0.84,9.08,68.87,-6.57
2015,3,30,3,2,1,0.83,9.56,68.64,-6.57
2015,3,30,6,2,1,0.87,9.13,69.61,-6.57
2015,3,30,9,2,1,0.89,8.79,65.56,-6.57
2015,3,30,12,2,1,1.01,8.42,67.19,-6.57
2015,3,30,15,2,1,0.93,8.62,65.29,-6.57
2015,3,30,18,2,1,0.91,8.79,72.28,-6.57
2015,3,30,21,2,1,0.76,7.52,72.02,-6.57
2015,3,31,0,2,1,0.64,8.22,78.58,-6.57
2015,3,31,3,2,1,0.57,8.63,78.89,-6.57
2015,3,31,6,2,1,0.53,8.87,74.3,-6.57
2015,3,31,9,2,1,0.53,9.11,80.48,-6.57
2015,3,31,12,2,1,0.48,9.45,68.78,-6.57
2015,3,31,15,2,1,0.5,8.88,76.82,-6.57
2015,3,31,18,2,1,0.45,9.43,72.29,-6.57
2015,3,31,21,2,1,0.42,9.89,72.67,-6.57
2015,4,1,0,2,1,0.36,9.59,77.95,-6.57
2015,4,1,3,2,1,0.38,10.34,69.1,-6.57
2015,4,1,6,2,1,0.33,10.56,75.75,-6.57
2015,4,1,9,2,1,0.32,10.59,74.23,-6.57
2015,4,1,12,2,1,0.32,10.94,77.23,-6.57
2015,4,1,15,2,1,0.33,10.83,76.67,-6.57
2015,4,1,18,2,1,0.34,10.89,82.79,-6.57
2015,4,1,21,2,1,0.35,10.58,83.86,-6.57
2015,4,2,0,2,1,0.35,10.24,77.19,-6.57
2015,4,2,3,2,1,0.36,11.06,80.1,-6.57
2015,4,2,6,2,1,0.36,11.06,94.47,-6.57
2015,4,2,9,2,1,0.33,10.75,82.18,-6.57
2015,4,2,12,2,1,0.3,10.89,82.05,-6.57
2015,4,2,15,2,1,0.32,10.79,85.32,-6.57
2015,4,2,18,2,1,0.39,10.54,72.48,-6.57
2015,4,2,21,2,1,0.58,9.2,58.21,-6.57
2015,4,3,0,2,1,0.7,7.63,57.92,-6.57
2015,4,3,3,2,1,0.78,7.95,68.35,-6.57
2015,4,3,6,2,1,0.85,8.26,62.79,-6.57
2015,4,3,9,2,1,0.69,7.55,67.25,-6.57
2015,4,3,12,2,1,0.72,7.05,70.95,-6.57
2015,4,3,15,2,1,0.7,7.17,70.1,-6.57
2015,4,3,18,2,1,0.62,6.71,72.45,-6.57
2015,4,3,21,2,1,0.58,6.87,71.62,-6.57
2015,4,4,0,2,1,0.59,7.03,76.65,-6.57
2015,4,4,3,2,1,0.53,6.41,73.05,-6.57
2015,4,4,6,2,1,0.55,6.81,79.69,-6.57
2015,4,4,9,2,1,0.56,6.88,81.67,-6.57
2015,4,4,12,2,1,0.46,6.54,83.37,-6.57
2015,4,4,15,2,1,0.51,6.73,81.86,-6.57
2015,4,4,18,2,1,0.56,7.08,86.41,-6.57
2015,4,4,21,2,1,0.53,7.32,92.96,-6.57
2015,4,5,0,2,1,0.55,7.14,86.47,-6.57
2015,4,5,3,2,1,0.57,7.14,84.49,-6.57
2015,4,5,6,2,1,0.53,7.64,90.14,-6.57
2015,4,5,9,2,1,0.63,7.68,93.31,-6.57
2015,4,5,12,2,1,0.63,7.71,90.61,-6.57
2015,4,5,15,2,1,1.28,8.52,59.1,-6.57
2015,4,5,18,2,1,1.27,8.49,58.57,-6.57
2015,4,5,21,2,1,1.23,8.41,60.65,-6.57
2015,4,6,0,2,1,1.11,8.47,64.12,-6.57
2015,4,6,3,2,1,1.17,9.07,67.78,-6.57
2015,4,6,6,2,1,1.24,8.5,71.1,-6.57
2015,4,6,9,2,1,1.11,8.81,71.83,-6.57
2015,4,6,12,2,1,1.05,8.65,72.81,-6.57
2015,4,6,15,2,1,0.97,8.33,70.19,-6.57
2015,4,6,18,2,1,1.09,8.39,67.63,-6.57
2015,4,6,21,2,1,1.04,8.57,73.2,-6.57
2015,4,7,0,2,1,0.97,8.35,72.69,-6.57
2015,4,7,3,2,1,0.93,8.16,73.66,-6.57
2015,4,7,6,2,1,1.12,8.67,72.03,-6.57
2015,4,7,9,2,1,1.11,8.43,70.46,-6.57
2015,4,7,12,2,1,1.07,8.47,74.92,-6.57
2015,4,7,15,2,1,0.89,8.03,72.03,-6.57
2015,4,7,18,2,1,0.9,8.15,72.63,-6.57
2015,4,7,21,2,1,0.89,8.11,73.15,-6.57
2015,4,8,0,2,1,0.83,7.96,71.55,-6.57
2015,4,8,3,2,1,0.84,8,74.41,-6.57
2015,4,8,6,2,1,0.85,7.74,70.74,-6.57
2015,4,8,9,2,1,0.81,7.99,78.97,-6.57
2015,4,8,12,2,1,0.8,7.85,73.04,-6.57
2015,4,8,15,2,1,0.76,7.86,78.23,-6.57
2015,4,8,18,2,1,0.82,7.86,79.92,-6.57
2015,4,8,21,2,1,0.84,8.07,77.83,-6.57
2015,4,9,0,2,1,0.75,8.02,82.94,-6.57
2015,4,9,3,2,1,0.76,7.67,80.29,-6.57
2015,4,9,6,2,1,0.67,7.99,74.98,-6.57
2015,4,9,9,2,1,0.78,7.71,82.16,-6.57
2015,4,9,12,2,1,0.69,8.1,77.11,-6.57
2015,4,9,15,2,1,0.7,8.19,79.96,-6.57
2015,4,9,18,2,1,0.69,8.26,74.73,-6.57
2015,4,9,21,2,1,0.72,8.1,79.57,-6.57
2015,4,10,0,2,1,0.7,8.31,72.35,-6.57
2015,4,10,3,2,1,0.77,8.06,77.39,-6.57
2015,4,10,6,2,1,0.9,4.4,102.8,-6.57
2015,4,10,9,2,1,0.84,8.4,78.87,-6.57
2015,4,10,12,2,1,0.84,8.73,81.35,-6.57
2015,4,10,15,2,1,0.73,8.62,90.02,-6.57
2015,4,10,18,2,1,0.71,8.53,78.73,-6.57
2015,4,10,21,2,1,0.68,8.14,82.44,-6.57
2015,4,11,0,2,1,0.62,8.62,82.24,-6.57
2015,4,11,3,2,1,0.6,8.57,83.12,-6.57
2015,4,11,6,2,1,0.57,8.62,80.51,-6.57
2015,4,11,9,2,1,0.57,8.75,78.7,-6.57
2015,4,11,12,2,1,0.62,8.47,82.21,-6.57
2015,4,11,15,2,1,0.58,8.66,77.96,-6.57
2015,4,11,18,2,1,0.51,8.52,76.95,-6.57
2015,4,11,21,2,1,0.5,8.18,82.5,-6.57
2015,4,12,0,2,1,0.58,8.29,80.34,-6.57
2015,4,12,3,2,1,0.54,8.26,81.62,-6.57
2015,4,12,6,2,1,0.53,8.11,82.67,-6.57
2015,4,12,9,2,1,0.58,8.74,84.67,-6.57
2015,4,12,12,2,1,0.62,8.08,88.17,-6.57
2015,4,12,15,2,1,0.67,8.4,85.26,-6.57
2015,4,12,18,2,1,0.59,8.15,84.01,-6.57
2015,4,12,21,2,1,0.62,8.47,79.19,-6.57
2015,4,13,0,2,1,0.66,9.68,72.16,-6.57
2015,4,13,3,2,1,0.64,8.03,88.7,-6.57
2015,4,13,6,2,1,0.72,8.58,81.48,-6.57
2015,4,13,9,2,1,0.77,8.65,81.47,-6.57
2015,4,13,12,2,1,0.92,4.92,100.07,-6.57
2015,4,13,15,2,1,0.83,9.54,66.61,-6.57
2015,4,13,18,2,1,0.95,8.56,63.73,-6.57
2015,4,13,21,2,1,0.91,7.88,62.61,-6.57
2015,4,14,0,2,1,0.76,7.47,70.33,-6.57
2015,4,14,3,2,1,0.83,7.72,71.96,-6.57
2015,4,14,6,2,1,0.73,7.49,77.45,-6.57
2015,4,14,9,2,1,0.76,7.57,68.66,-6.57
2015,4,14,12,2,1,0.77,7.36,75.73,-6.57
2015,4,14,15,2,1,0.71,6.95,76.87,-6.57
2015,4,14,18,2,1,0.63,7.56,77.29,-6.57
2015,4,14,21,2,1,0.6,6.89,74.03,-6.57
2015,4,15,0,2,1,0.59,6.63,82.32,-6.57
2015,4,15,3,2,1,0.58,7.82,78.97,-6.57
2015,4,15,6,2,1,0.62,7.68,77.59,-6.57
2015,4,15,9,2,1,0.57,7.26,78.62,-6.57
2015,4,15,12,2,1,0.58,7,76.6,-6.57
2015,4,15,15,2,1,0.56,7.49,81.81,-6.57
2015,4,15,18,2,1,0.49,7.72,73.78,-6.57
2015,4,15,21,2,1,0.45,7.18,72.05,-6.57
2015,4,16,0,2,1,0.44,6.98,65.29,-6.57
2015,4,16,3,2,1,0.42,6.69,75.11,-6.57
2015,4,16,6,2,1,0.45,7.65,71.51,-6.57
2015,4,16,9,2,1,0.39,6.92,78.9,-6.57
2015,4,16,12,2,1,0.38,7.39,83.98,-6.57
2015,4,16,15,2,1,0.38,7.73,79.87,-6.57
2015,4,16,18,2,1,0.39,7.7,82.86,-6.57
2015,4,16,21,2,1,0.42,8.01,87.73,-6.57
2015,4,17,0,2,1,0.5,8,75.94,-6.57
2015,4,17,3,2,1,0.6,7.49,73.36,-6.57
2015,4,17,6,2,1,0.65,8.55,65.99,-6.57
2015,4,17,9,2,1,0.62,8.03,59.73,-6.57
2015,4,17,12,2,1,0.77,10.54,52.72,-6.57
2015,4,17,15,2,1,0.84,9.99,63.86,-6.57
2015,4,17,18,2,1,0.81,8.62,70.91,-6.57
2015,4,17,21,2,1,0.94,10.37,60.98,-6.57
2015,4,18,0,2,1,1.01,9.06,74.17,-6.57
2015,4,18,3,2,1,1.1,8.7,69.56,-6.57
2015,4,18,6,2,1,1.03,8.8,68.02,-6.57
2015,4,18,9,2,1,0.94,9.18,74.27,-6.57
2015,4,18,12,2,1,0.82,8.99,74.5,-6.57
2015,4,18,15,2,1,0.82,9.81,71.89,-6.57
2015,4,18,18,2,1,0.91,9.54,72.66,-6.57
2015,4,18,21,2,1,0.83,10.62,68.39,-6.57
2015,4,19,0,2,1,0.8,10.65,73.39,-6.57
2015,4,19,3,2,1,0.77,10.15,73.29,-6.57
2015,4,19,6,2,1,0.88,10.17,70.51,-6.57
2015,4,19,9,2,1,0.89,9.68,64.91,-6.57
2015,4,19,12,2,1,0.83,12.67,70.7,-6.57
2015,4,19,15,2,1,0.84,12.71,66.57,-6.57
2015,4,19,18,2,1,0.84,12.04,65.76,-6.57
2015,4,19,21,2,1,0.83,12.97,77.32,-6.57
2015,4,20,0,2,1,0.76,12.63,71.15,-6.57
2015,4,20,3,2,1,0.72,12.65,69.85,-6.57
2015,4,20,6,2,1,0.79,12.5,72.58,-6.57
2015,4,20,9,2,1,0.71,12.7,71.24,-6.57
2015,4,20,12,2,1,0.67,12.05,68.71,-6.57
2015,4,20,15,2,1,0.58,11.74,71.15,-6.57
2015,4,20,18,2,1,0.64,13.35,67.63,-6.57
2015,4,20,21,2,1,0.66,4.07,15.68,-6.57
2015,4,21,0,2,1,0.67,13.21,78.3,-6.57
2015,4,21,3,2,1,0.57,12.73,79.53,-6.57
2015,4,21,6,2,1,0.47,12.46,74.26,-6.57
2015,4,21,9,2,1,0.53,13.57,76.36,-6.57
2015,4,21,12,2,1,0.51,12.9,77.64,-6.57
2015,4,21,15,2,1,0.44,12.73,70.82,-6.57
2015,4,21,18,2,1,0.53,12.11,70.15,-6.57
2015,4,21,21,2,1,0.52,12.02,68.21,-6.57
2015,4,22,0,2,1,0.51,12.88,81.93,-6.57
2015,4,22,3,2,1,0.41,11.95,70.21,-6.57
2015,4,22,6,2,1,0.46,11.98,73.28,-6.57
2015,4,22,9,2,1,0.41,11.9,87.33,-6.57
2015,4,22,12,2,1,0.41,11.85,70.16,-6.57
2015,4,22,15,2,1,0.41,11.2,79.25,-6.57
2015,4,22,18,2,1,0.54,10.73,77.09,-6.57
2015,4,22,21,2,1,0.51,11.82,85.59,-6.57
2015,4,23,0,2,1,0.47,10.48,72.61,-6.57
2015,4,23,3,2,1,0.43,10.86,67.9,-6.57
2015,4,23,6,2,1,0.4,10.88,67.97,-6.57
2015,4,23,9,2,1,0.46,10.22,73.53,-6.57
2015,4,23,12,2,1,0.48,10.13,68.41,-6.57
2015,4,23,15,2,1,0.49,14.29,77.87,-6.57
2015,4,23,18,2,1,0.6,14.7,80.69,-6.57
2015,4,23,21,2,1,0.57,14.83,73.57,-6.57
2015,4,24,0,2,1,0.75,13.76,77.61,-6.57
2015,4,24,3,2,1,0.71,14.57,72.07,-6.57
2015,4,24,6,2,1,0.69,13.43,76.51,-6.57
2015,4,24,9,2,1,0.74,13.6,75.57,-6.57
2015,4,24,12,2,1,0.77,13.78,74.79,-6.57
2015,4,24,15,2,1,0.82,13.34,75.45,-6.57
2015,4,24,18,2,1,0.84,13.77,72.16,-6.57
2015,4,24,21,2,1,0.78,12.72,73.24,-6.57
2015,4,25,0,2,1,0.82,13.67,80.08,-6.57
2015,4,25,3,2,1,0.82,12.9,80.57,-6.57
2015,4,25,6,2,1,0.84,12.85,74.16,-6.57
2015,4,25,9,2,1,0.88,12.89,70.63,-6.57
2015,4,25,12,2,1,0.76,11.83,71.7,-6.57
2015,4,25,15,2,1,0.76,12.86,75.64,-6.57
2015,4,25,18,2,1,0.65,12.79,69.33,-6.57
2015,4,25,21,2,1,0.63,12.56,73.47,-6.57
2015,4,26,0,2,1,0.6,12.65,75.37,-6.57
2015,4,26,3,2,1,0.63,12.37,70.79,-6.57
2015,4,26,6,2,1,0.48,12.03,72.5,-6.57
2015,4,26,9,2,1,0.43,11.86,69.38,-6.57
2015,4,26,12,2,1,0.4,11.38,69.17,-6.57
2015,4,26,15,2,1,0.35,11.8,76.85,-6.57
2015,4,26,18,2,1,0.32,11.58,66.29,-6.57
2015,4,26,21,2,1,0.32,11.85,79.25,-6.57
2015,4,27,0,2,1,0.32,11.29,87.63,-6.57
2015,4,27,3,2,1,0.26,11.5,75.23,-6.57
2015,4,27,6,2,1,0.22,11.2,71.47,-6.57
2015,4,27,9,2,1,0.2,12.26,65.31,-6.57
2015,4,27,12,2,1,0.2,11.34,86.68,-6.57
2015,4,27,15,2,1,0.21,11.93,73.22,-6.57
2015,4,27,18,2,1,0.29,4.07,33.07,-6.57
2015,4,27,21,2,1,0.23,11.28,63.86,-6.57
2015,4,28,0,2,1,0.25,11.18,74.89,-6.57
2015,4,28,3,2,1,0.34,8.07,41.31,-6.57
2015,4,28,6,2,1,0.42,7.2,52.81,-6.57
2015,4,28,9,2,1,0.45,6.75,53.32,-6.57
2015,4,28,12,2,1,0.5,7.81,62.85,-6.57
2015,4,28,15,2,1,0.47,8.96,56.49,-6.57
2015,4,28,18,2,1,0.51,9.83,56.48,-6.57
2015,4,28,21,2,1,0.6,8.85,69.2,-6.57
2015,4,29,0,2,1,0.67,4.47,88.45,-6.57
2015,4,29,3,2,1,0.8,4.84,86.9,-6.57
2015,4,29,6,2,1,0.71,7.24,67.66,-6.57
2015,4,29,9,2,1,0.82,7.21,67.36,-6.57
2015,4,29,12,2,1,0.77,6.93,68.52,-6.57
2015,4,29,15,2,1,0.67,6.53,72.11,-6.57
2015,4,29,18,2,1,0.68,6.9,72.7,-6.57
2015,4,29,21,2,1,0.63,7.07,62.03,-6.57
2015,4,30,0,2,1,0.55,7.24,69.33,-6.57
2015,4,30,3,2,1,0.58,7.77,66.69,-6.57
2015,4,30,6,2,1,0.71,8.28,53.44,-6.57
2015,4,30,9,2,1,0.74,8.08,58.09,-6.57
2015,4,30,12,2,1,0.72,8.91,62.4,-6.57
2015,4,30,15,2,1,0.77,9.03,70.96,-6.57
2015,4,30,18,2,1,0.94,8.28,64.41,-6.57
2015,4,30,21,2,1,0.84,10.09,68.64,-6.57
2015,5,1,0,2,1,0.92,9.94,71.68,-6.57
2015,5,1,3,2,1,0.8,9.15,66.4,-6.57
2015,5,1,6,2,1,0.69,8.37,73.44,-6.57
2015,5,1,9,2,1,0.63,9.9,78.06,-6.57
2015,5,1,12,2,1,0.6,9.93,71.3,-6.57
2015,5,1,15,2,1,0.56,8.86,74.46,-6.57
2015,5,1,18,2,1,0.54,9.88,79.03,-6.57
2015,5,1,21,2,1,0.5,9.89,70.81,-6.57
2015,5,2,0,2,1,0.68,4.08,34.19,-6.57
2015,5,2,3,2,1,1.03,4.33,34.04,-6.57
2015,5,2,6,2,1,0.99,4.58,42.84,-6.57
2015,5,2,9,2,1,0.82,6.22,53.78,-6.57
2015,5,2,12,2,1,0.65,8.31,55.24,-6.57
2015,5,2,15,2,1,0.77,8.67,56.23,-6.57
2015,5,2,18,2,1,0.96,8.4,54.82,-6.57
2015,5,2,21,2,1,0.95,8.14,56.53,-6.57
2015,5,3,0,2,1,0.95,9.07,57.38,-6.57
2015,5,3,3,2,1,1.06,8.03,53.23,-6.57
2015,5,3,6,2,1,1.06,11.99,55.39,-6.57
2015,5,3,9,2,1,1.07,12.49,62.14,-6.57
2015,5,3,12,2,1,1.01,11.89,66.65,-6.57
2015,5,3,15,2,1,1.08,12.43,62.79,-6.57
2015,5,3,18,2,1,1.22,11.76,63.66,-6.57
2015,5,3,21,2,1,1.33,10.27,72.36,-6.57
2015,5,4,0,2,1,1.07,9.77,68.98,-6.57
2015,5,4,3,2,1,1.1,4.6,90.19,-6.57
2015,5,4,6,2,1,1.39,4.68,93.99,-6.57
2015,5,4,9,2,1,1.54,5.37,84.41,-6.57
2015,5,4,12,2,1,1.43,11.18,72.62,-6.57
2015,5,4,15,2,1,1.49,11.35,74,-6.57
2015,5,4,18,2,1,1.61,11.04,74.6,-6.57
2015,5,4,21,2,1,1.59,10.74,75.59,-6.57
2015,5,5,0,2,1,1.42,7,77.93,-6.57
2015,5,5,3,2,1,1.5,6.32,89.44,-6.57
2015,5,5,6,2,1,1.68,7.26,76.69,-6.57
2015,5,5,9,2,1,1.65,6.83,80.5,-6.57
2015,5,5,12,2,1,1.4,7.49,75.76,-6.57
2015,5,5,15,2,1,1.49,6.97,78.97,-6.57
2015,5,5,18,2,1,1.4,7.35,77.66,-6.57
2015,5,5,21,2,1,1.33,7.23,79.01,-6.57
2015,5,6,0,2,1,1.2,7.38,81.85,-6.57
2015,5,6,3,2,1,1.16,7.47,80.44,-6.57
2015,5,6,6,2,1,1.38,7.51,79.8,-6.57
2015,5,6,9,2,1,1.42,8.43,86.62,-6.57
2015,5,6,12,2,1,1.24,7.98,81.88,-6.57
2015,5,6,15,2,1,1.3,8.05,83.53,-6.57
2015,5,6,18,2,1,1.24,8.27,79.03,-6.57
2015,5,6,21,2,1,1.19,8.96,73.39,-6.57
2015,5,7,0,2,1,1.21,9.3,73.57,-6.57
2015,5,7,3,2,1,1.02,8.97,67.16,-6.57
2015,5,7,6,2,1,1.1,8.79,63.34,-6.57
2015,5,7,9,2,1,1.14,8.26,66.69,-6.57
2015,5,7,12,2,1,1.05,8.59,60.87,-6.57
2015,5,7,15,2,1,1.12,9.52,58.81,-6.57
2015,5,7,18,2,1,1.17,9.23,51.93,-6.57
2015,5,7,21,2,1,1.11,10.05,53.43,-6.57
2015,5,8,0,2,1,1.11,9.6,52.28,-6.57
2015,5,8,3,2,1,1.07,8.78,55.74,-6.57
2015,5,8,6,2,1,1.05,10.83,52.88,-6.57
2015,5,8,9,2,1,0.93,9.71,51.45,-6.57
2015,5,8,12,2,1,0.84,10.38,49.09,-6.57
2015,5,8,15,2,1,0.91,10.65,53.28,-6.57
2015,5,8,18,2,1,0.96,10.48,53.64,-6.57
2015,5,8,21,2,1,0.93,9.28,51.03,-6.57
2015,5,9,0,2,1,0.95,9.25,57.43,-6.57
2015,5,9,3,2,1,0.9,9.68,52.38,-6.57
2015,5,9,6,2,1,0.88,9.54,52.82,-6.57
2015,5,9,9,2,1,0.84,9.23,56.68,-6.57
2015,5,9,12,2,1,0.98,9.78,56.9,-6.57
2015,5,9,15,2,1,1.02,9.6,58.3,-6.57
2015,5,9,18,2,1,1.06,9.28,56.92,-6.57
2015,5,9,21,2,1,0.93,8.88,53.46,-6.57
2015,5,10,0,2,1,0.89,8.78,56.51,-6.57
2015,5,10,3,2,1,0.68,7.77,59.77,-6.57
2015,5,10,6,2,1,0.65,8.03,63.64,-6.57
2015,5,10,9,2,1,0.67,8.13,61.88,-6.57
2015,5,10,12,2,1,0.58,7.88,76.82,-6.57
2015,5,10,15,2,1,0.61,13.59,77.97,-6.57
2015,5,10,18,2,1,0.56,8.22,69.88,-6.57
2015,5,10,21,2,1,0.58,8.26,69.73,-6.57
2015,5,11,0,2,1,0.57,7.67,80.09,-6.57
2015,5,11,3,2,1,0.52,13.54,85.15,-6.57
2015,5,11,6,2,1,0.63,4.34,110.11,-6.57
2015,5,11,9,2,1,0.74,4.89,96.64,-6.57
2015,5,11,12,2,1,0.74,12.08,85.79,-6.57
2015,5,11,15,2,1,0.7,7.72,81.34,-6.57
2015,5,11,18,2,1,0.64,4.08,108.86,-6.57
2015,5,11,21,2,1,0.7,4.25,96.8,-6.57
2015,5,12,0,2,1,0.79,7.42,84.68,-6.57
2015,5,12,3,2,1,0.84,4.58,105.74,-6.57
2015,5,12,6,2,1,0.72,4.92,91.78,-6.57
2015,5,12,9,2,1,0.83,8.17,86.56,-6.57
2015,5,12,12,2,1,0.87,7.93,89.87,-6.57
2015,5,12,15,2,1,0.81,7.55,91.48,-6.57
2015,5,12,18,2,1,0.75,7.66,88.73,-6.57
2015,5,12,21,2,1,0.71,7.67,79.36,-6.57
2015,5,13,0,2,1,0.72,7.79,78.78,-6.57
2015,5,13,3,2,1,0.66,8.2,83.7,-6.57
2015,5,13,6,2,1,0.68,8.23,84.73,-6.57
2015,5,13,9,2,1,0.64,7.89,80.91,-6.57
2015,5,13,12,2,1,0.69,8.15,79.46,-6.57
2015,5,13,15,2,1,0.68,8.23,85.3,-6.57
2015,5,13,18,2,1,0.59,8.15,84.44,-6.57
2015,5,13,21,2,1,0.54,7.65,79.03,-6.57
2015,5,14,0,2,1,0.64,7.85,76.19,-6.57
2015,5,14,3,2,1,0.67,4.08,99.19,-6.57
2015,5,14,6,2,1,0.65,4.07,110.01,-6.57
2015,5,14,9,2,1,0.62,8.37,81.68,-6.57
2015,5,14,12,2,1,0.62,7.99,79.17,-6.57
2015,5,14,15,2,1,0.66,7.76,78.91,-6.57
2015,5,14,18,2,1,0.6,7.73,79.81,-6.57
2015,5,14,21,2,1,0.6,8.1,81.53,-6.57
2015,5,15,0,2,1,0.65,7.56,81.26,-6.57
2015,5,15,3,2,1,0.72,4.13,100.71,-6.57
2015,5,15,6,2,1,0.73,7.92,72.64,-6.57
2015,5,15,9,2,1,1.16,7.69,61.66,-6.57
2015,5,15,12,2,1,1.24,7.39,65.47,-6.57
2015,5,15,15,2,1,1.39,7.12,67.34,-6.57
2015,5,15,18,2,1,1.27,7.34,72.62,-6.57
2015,5,15,21,2,1,1.32,5.86,73.15,-6.57
2015,5,16,0,2,1,1.16,6.28,77.72,-6.57
2015,5,16,3,2,1,1.05,5.74,77.09,-6.57
2015,5,16,6,2,1,0.98,7.18,78.86,-6.57
2015,5,16,9,2,1,0.83,7.35,75.31,-6.57
2015,5,16,12,2,1,0.81,6.03,75.83,-6.57
2015,5,16,15,2,1,0.97,7.35,75.93,-6.57
2015,5,16,18,2,1,1.09,4.77,86.32,-6.57
2015,5,16,21,2,1,0.98,5.89,75.54,-6.57
2015,5,17,0,2,1,1.02,5.86,90.75,-6.57
2015,5,17,3,2,1,1.1,5.41,88.95,-6.57
2015,5,17,6,2,1,1.01,8.02,74.37,-6.57
2015,5,17,9,2,1,1.02,7.99,71.82,-6.57
2015,5,17,12,2,1,0.86,7.03,74.91,-6.57
2015,5,17,15,2,1,0.91,6.42,75.63,-6.57
2015,5,17,18,2,1,0.94,4.36,97.89,-6.57
2015,5,17,21,2,1,0.92,4.46,101.88,-6.57
2015,5,18,0,2,1,0.9,7.11,81.69,-6.57
2015,5,18,3,2,1,0.98,9.21,80.14,-6.57
2015,5,18,6,2,1,0.95,9.58,84.71,-6.57
2015,5,18,9,2,1,0.94,9.64,78.25,-6.57
2015,5,18,12,2,1,0.74,9.41,76.04,-6.57
2015,5,18,15,2,1,0.84,9.55,73.38,-6.57
2015,5,18,18,2,1,0.96,9.4,74.46,-6.57
2015,5,18,21,2,1,0.93,9.07,74.43,-6.57
2015,5,19,0,2,1,0.74,9.04,74.34,-6.57
2015,5,19,3,2,1,0.69,8.85,76.82,-6.57
2015,5,19,6,2,1,0.79,8.79,80.13,-6.57
