1999,1,1,0,0,0,0.062,199,21.57,NaN
1999,1,1,3,0,0,0.097,169,21.53,NaN
1999,1,1,6,0,0,0.195,167,21.44,NaN
1999,1,1,9,0,0,0.153,174,21.45,NaN
1999,1,1,12,0,0,0.05,237,21.46,NaN
1999,1,1,15,0,0,0.068,272,21.66,NaN
1999,1,1,18,0,0,0.079,213,21.66,NaN
1999,1,1,21,0,0,0.058,231,21.63,NaN
1999,1,2,0,0,0,0.095,195,21.57,NaN
1999,1,2,3,0,0,0.126,177,21.48,NaN
1999,1,2,6,0,0,0.134,180,21.42,NaN
1999,1,2,9,0,0,0.133,184,21.47,NaN
1999,1,2,12,0,0,0.093,207,21.58,NaN
1999,1,2,15,0,0,0.142,175,21.65,NaN
1999,1,2,18,0,0,0.064,293,21.75,NaN
1999,1,2,21,0,0,0.187,308,21.61,NaN
1999,1,3,0,0,0,0.361,207,21.65,NaN
1999,1,3,3,0,0,0.299,158,21.7,NaN
1999,1,3,6,0,0,0.169,167,21.76,NaN
1999,1,3,9,0,0,0.248,182,21.84,NaN
1999,1,3,12,0,0,0.078,200,21.86,NaN
1999,1,3,15,0,0,0.097,194,21.86,NaN
1999,1,3,18,0,0,0.09,208,21.86,NaN
1999,1,3,21,0,0,0.129,194,21.86,NaN
1999,1,4,0,0,0,0.081,202,21.83,NaN
1999,1,4,3,0,0,0.081,183,21.66,NaN
1999,1,4,6,0,0,0.143,173,21.52,NaN
1999,1,4,9,0,0,0.297,166,21.28,NaN
1999,1,4,12,0,0,0.193,163,21.01,NaN
1999,1,4,15,0,0,0.111,175,20.84,NaN
1999,1,4,18,0,0,0.077,194,20.71,NaN
1999,1,4,21,0,0,0.088,173,20.71,NaN
1999,1,5,0,0,0,0.075,185,20.61,NaN
1999,1,5,3,0,0,0.101,178,20.31,NaN
1999,1,5,6,0,0,0.158,169,20.05,NaN
1999,1,5,9,0,0,0.227,164,19.75,NaN
1999,1,5,12,0,0,0.26,162,19.81,NaN
1999,1,5,15,0,0,0.16,166,19.7,NaN
1999,1,5,18,0,0,0.13,176,19.75,NaN
1999,1,5,21,0,0,0.13,176,19.67,NaN
1999,1,6,0,0,0,0.127,168,19.34,NaN
1999,1,6,3,0,0,0.119,171,19.12,NaN
1999,1,6,6,0,0,0.111,179,18.86,NaN
1999,1,6,9,0,0,0.117,181,18.86,NaN
1999,1,6,12,0,0,0.166,164,18.84,NaN
1999,1,6,15,0,0,0.166,167,18.97,NaN
1999,1,6,18,0,0,0.154,169,18.93,NaN
1999,1,6,21,0,0,0.133,168,18.73,NaN
1999,1,7,0,0,0,0.137,178,18.56,NaN
1999,1,7,3,0,0,0.08,186,18.6,NaN
1999,1,7,6,0,0,0.075,191,18.58,NaN
1999,1,7,9,0,0,0.064,191,18.74,NaN
1999,1,7,12,0,0,0.091,193,18.9,NaN
1999,1,7,15,0,0,0.065,251,19.25,NaN
1999,1,7,18,0,0,0.066,262,19.49,NaN
1999,1,7,21,0,0,0.08,263,19.49,NaN
1999,1,8,0,0,0,0.068,252,19.61,NaN
1999,1,8,3,0,0,0.077,202,19.56,NaN
1999,1,8,6,0,0,0.113,199,19.55,NaN
1999,1,8,9,0,0,0.096,218,19.56,NaN
1999,1,8,12,0,0,0.091,206,19.28,NaN
1999,1,8,15,0,0,0.072,223,19.3,NaN
1999,1,8,18,0,0,0.087,206,19.34,NaN
1999,1,8,21,0,0,0.12,230,19.44,NaN
1999,1,9,0,0,0,0.115,223,19.46,NaN
1999,1,9,3,0,0,0.076,235,19.46,NaN
1999,1,9,6,0,0,0.082,231,19.47,NaN
1999,1,9,9,0,0,0.074,234,19.55,NaN
1999,1,9,12,0,0,0.085,220,19.52,NaN
1999,1,9,15,0,0,0.083,227,19.54,NaN
1999,1,9,18,0,0,0.083,244,19.6,NaN
1999,1,9,21,0,0,0.087,244,19.62,NaN
1999,1,10,0,0,0,0.096,202,19.59,NaN
1999,1,10,3,0,0,0.118,181,19.58,NaN
1999,1,10,6,0,0,0.073,242,19.55,NaN
1999,1,10,9,0,0,0.103,185,19.46,NaN
1999,1,10,12,0,0,0.239,165,19.39,NaN
1999,1,10,15,0,0,0.364,160,19.26,NaN
1999,1,10,18,0,0,0.297,160,19.08,NaN
1999,1,10,21,0,0,0.304,162,18.74,NaN
1999,1,11,0,0,0,0.327,161,18.58,NaN
1999,1,11,3,0,0,0.351,163,18.42,NaN
1999,1,11,6,0,0,0.355,157,18.29,NaN
1999,1,11,9,0,0,0.379,158,18.02,NaN
1999,1,11,12,0,0,0.342,158,17.94,NaN
1999,1,11,15,0,0,0.327,160,18.18,NaN
1999,1,11,18,0,0,0.261,160,18.19,NaN
1999,1,11,21,0,0,0.21,160,18,NaN
1999,1,12,0,0,0,0.119,177,17.95,NaN
1999,1,12,3,0,0,0.134,183,17.91,NaN
1999,1,12,6,0,0,0.088,200,18.05,NaN
1999,1,12,9,0,0,0.073,246,18.16,NaN
1999,1,12,12,0,0,0.047,212,18.21,NaN
1999,1,12,15,0,0,0.093,202,18.51,NaN
1999,1,12,18,0,0,0.064,242,18.44,NaN
1999,1,12,21,0,0,0.08,206,18.36,NaN
1999,1,13,0,0,0,0.105,223,18.39,NaN
1999,1,13,3,0,0,0.095,226,18.39,NaN
1999,1,13,6,0,0,0.096,206,18.51,NaN
1999,1,13,9,0,0,0.08,229,18.49,NaN
1999,1,13,12,0,0,0.103,264,18.57,NaN
1999,1,13,15,0,0,0.1,279,18.63,NaN
1999,1,13,18,0,0,0.097,287,18.65,NaN
1999,1,13,21,0,0,0.093,238,18.64,NaN
1999,1,14,0,0,0,0.113,235,18.84,NaN
1999,1,14,3,0,0,0.099,243,18.86,NaN
1999,1,14,6,0,0,0.081,236,18.84,NaN
1999,1,14,9,0,0,0.082,276,18.83,NaN
1999,1,14,12,0,0,0.087,225,18.87,NaN
1999,1,14,15,0,0,0.145,204,18.91,NaN
1999,1,14,18,0,0,0.12,194,18.75,NaN
1999,1,14,21,0,0,0.068,245,18.78,NaN
1999,1,15,0,0,0,0.242,179,18.8,NaN
1999,1,15,3,0,0,0.228,174,18.87,NaN
1999,1,15,6,0,0,0.182,176,18.89,NaN
1999,1,15,9,0,0,0.111,178,18.89,NaN
1999,1,15,12,0,0,0.095,216,18.9,NaN
1999,1,15,15,0,0,0.154,205,18.94,NaN
1999,1,15,18,0,0,0.113,206,18.96,NaN
1999,1,15,21,0,0,0.077,219,18.97,NaN
1999,1,16,0,0,0,0.087,266,18.99,NaN
1999,1,16,3,0,0,0.063,187,19.07,NaN
1999,1,16,6,0,0,0.118,180,19.01,NaN
1999,1,16,9,0,0,0.107,174,18.97,NaN
1999,1,16,12,0,0,0.073,211,19,NaN
1999,1,16,15,0,0,0.093,268,19.03,NaN
1999,1,16,18,0,0,0.083,273,19.09,NaN
1999,1,16,21,0,0,0.099,293,19.09,NaN
1999,1,17,0,0,0,0.079,207,19.13,NaN
1999,1,17,3,0,0,0.118,211,19.25,NaN
1999,1,17,6,0,0,0.121,192,19.33,NaN
1999,1,17,9,0,0,0.135,184,19.36,NaN
1999,1,17,12,0,0,0.094,197,19.36,NaN
1999,1,17,15,0,0,0.086,197,19.34,NaN
1999,1,17,18,0,0,0.088,200,19.32,NaN
1999,1,17,21,0,0,0.099,197,19.3,NaN
1999,1,18,0,0,0,0.083,208,19.3,NaN
1999,1,18,3,0,0,0.083,219,19.34,NaN
1999,1,18,6,0,0,0.126,189,19.42,NaN
1999,1,18,9,0,0,0.097,191,19.47,NaN
1999,1,18,12,0,0,0.076,217,19.44,NaN
1999,1,18,15,0,0,0.071,211,19.47,NaN
1999,1,18,18,0,0,0.098,192,19.68,NaN
1999,1,18,21,0,0,0.138,180,19.92,NaN
1999,1,19,0,0,0,0.077,200,19.98,NaN
1999,1,19,3,0,0,0.087,202,20.02,NaN
1999,1,19,6,0,0,0.113,184,20.05,NaN
1999,1,19,9,0,0,0.143,175,20.13,NaN
1999,1,19,12,0,0,0.079,179,20.34,NaN
1999,1,19,15,0,0,0.078,182,20.5,NaN
1999,1,19,18,0,0,0.078,208,20.94,NaN
1999,1,19,21,0,0,0.115,172,20.96,NaN
1999,1,20,0,0,0,0.059,196,20.83,NaN
1999,1,20,3,0,0,0.059,227,20.86,NaN
1999,1,20,6,0,0,0.087,197,20.61,NaN
1999,1,20,9,0,0,0.164,182,20.25,NaN
1999,1,20,12,0,0,0.129,181,20.19,NaN
1999,1,20,15,0,0,0.045,201,20.23,NaN
1999,1,20,18,0,0,0.075,214,20.75,NaN
1999,1,20,21,0,0,0.114,196,20.48,NaN
1999,1,21,0,0,0,0.108,190,20.19,NaN
1999,1,21,3,0,0,0.072,210,20.23,NaN
1999,1,21,6,0,0,0.066,207,20.24,NaN
1999,1,21,9,0,0,0.111,194,20.12,NaN
1999,1,21,12,0,0,NaN,NaN,NaN,NaN
1999,1,21,15,0,0,0.042,233,19.64,NaN
1999,1,21,18,0,0,0.017,278,19.72,NaN
1999,1,21,21,0,0,0.062,235,20.41,NaN
1999,1,22,0,0,0,0.032,198,19.76,NaN
1999,1,22,3,0,0,0.041,209,19.78,NaN
1999,1,22,6,0,0,0.113,183,19.69,NaN
1999,1,22,9,0,0,0.086,165,19.48,NaN
1999,1,22,12,0,0,0.021,165,19.38,NaN
1999,1,22,15,0,0,0.063,303,19.72,NaN
1999,1,22,18,0,0,0.142,162,19.8,NaN
1999,1,22,21,0,0,0.109,158,19.73,NaN
1999,1,23,0,0,0,0.025,330,19.87,NaN
1999,1,23,3,0,0,0.133,345,20.81,NaN
1999,1,23,6,0,0,0.236,155,21.16,NaN
1999,1,23,9,0,0,0.154,139,21.25,NaN
1999,1,23,12,0,0,0.05,334,21.39,NaN
1999,1,23,15,0,0,0.144,340,22.13,NaN
1999,1,23,18,0,0,0.307,168,22.55,NaN
1999,1,23,21,0,0,0.157,151,22.53,NaN
1999,1,24,0,0,0,0.131,341,22.66,NaN
1999,1,24,3,0,0,0.165,322,22.88,NaN
1999,1,24,6,0,0,0.184,202,22.82,NaN
1999,1,24,9,0,0,0.239,172,23.03,NaN
1999,1,24,12,0,0,0.243,181,23.19,NaN
1999,1,24,15,0,0,0.089,184,23.29,NaN
1999,1,24,18,0,0,0.123,166,23.25,NaN
1999,1,24,21,0,0,0.148,174,23.08,NaN
1999,1,25,0,0,0,0.227,173,22.88,NaN
1999,1,25,3,0,0,0.298,165,22.5,NaN
1999,1,25,6,0,0,0.232,155,22.31,NaN
1999,1,25,9,0,0,0.137,163,22.12,NaN
1999,1,25,12,0,0,0.161,157,21.92,NaN
1999,1,25,15,0,0,0.221,163,22.1,NaN
1999,1,25,18,0,0,0.161,162,21.98,NaN
1999,1,25,21,0,0,0.086,171,21.78,NaN
1999,1,26,0,0,0,0.086,173,21.66,NaN
1999,1,26,3,0,0,0.121,163,21.5,NaN
1999,1,26,6,0,0,0.066,166,21.19,NaN
1999,1,26,9,0,0,0.046,185,21.09,NaN
1999,1,26,12,0,0,0.013,172,20.98,NaN
1999,1,26,15,0,0,0.057,156,21.09,NaN
1999,1,26,18,0,0,0.046,178,21.51,NaN
1999,1,26,21,0,0,0.023,211,21.45,NaN
1999,1,27,0,0,0,0.042,170,21.38,NaN
1999,1,27,3,0,0,0.105,178,21.25,NaN
1999,1,27,6,0,0,0.095,166,21.09,NaN
1999,1,27,9,0,0,0.059,171,20.82,NaN
1999,1,27,12,0,0,0.037,230,20.71,NaN
1999,1,27,15,0,0,0.044,203,20.6,NaN
1999,1,27,18,0,0,0.079,171,20.55,NaN
1999,1,27,21,0,0,0.061,173,20.52,NaN
1999,1,28,0,0,0,0.047,183,20.5,NaN
1999,1,28,3,0,0,0.095,187,20.45,NaN
1999,1,28,6,0,0,0.096,175,20.42,NaN
1999,1,28,9,0,0,0.032,206,20.49,NaN
1999,1,28,12,0,0,0.027,228,20.49,NaN
1999,1,28,15,0,0,0.041,181,20.5,NaN
1999,1,28,18,0,0,0.054,156,20.36,NaN
1999,1,28,21,0,0,0.055,192,20.35,NaN
1999,1,29,0,0,0,0.133,171,20.33,NaN
1999,1,29,3,0,0,0.156,163,20.35,NaN
1999,1,29,6,0,0,0.158,159,20.55,NaN
1999,1,29,9,0,0,0.064,155,20.68,NaN
1999,1,29,12,0,0,0.039,180,20.82,NaN
1999,1,29,15,0,0,0.052,185,20.89,NaN
1999,2,1,0,0,0,0.415,294,21.7,NaN
1999,2,1,3,0,0,0.231,143,21.73,NaN
1999,2,1,6,0,0,0.15,360,21.96,NaN
1999,2,1,9,0,0,0.29,336,22.14,NaN
1999,2,1,12,0,0,0.31,331,22.29,NaN
1999,2,1,15,0,0,0.198,93,22.1,NaN
1999,2,1,18,0,0,0.115,183,22.13,NaN
1999,2,1,21,0,0,0.102,315,22.37,NaN
1999,2,2,0,0,0,0.112,267,22.43,NaN
1999,2,2,3,0,0,0.191,169,22.33,NaN
1999,2,2,6,0,0,0.262,161,22.4,NaN
1999,2,2,9,0,0,0.23,168,22.47,NaN
1999,2,2,15,0,0,0.145,170,NaN,NaN
1999,2,2,21,0,0,0.144,161,22.46,NaN
1999,2,3,0,0,0,0.076,164,22.57,NaN
1999,2,3,3,0,0,0.067,174,22.5,NaN
1999,2,3,6,0,0,0.083,172,22.42,NaN
1999,2,3,9,0,0,0.172,167,22.44,NaN
1999,2,3,12,0,0,0.159,174,22.62,NaN
1999,2,3,15,0,0,0.114,178,22.56,NaN
1999,2,3,18,0,0,0.073,187,22.68,NaN
1999,2,3,21,0,0,0.077,183,22.81,NaN
1999,2,4,0,0,0,0.069,192,22.85,NaN
1999,2,4,3,0,0,0.056,208,22.88,NaN
1999,2,4,6,0,0,0.042,193,22.87,NaN
1999,2,4,9,0,0,0.054,177,22.79,NaN
1999,2,4,12,0,0,0.102,172,22.78,NaN
1999,2,4,15,0,0,0.065,178,22.81,NaN
1999,2,4,18,0,0,0.065,185,22.84,NaN
1999,2,4,21,0,0,0.118,168,22.82,NaN
1999,2,5,0,0,0,0.156,167,22.73,NaN
1999,2,5,3,0,0,0.102,171,22.76,NaN
1999,2,5,6,0,0,0.059,147,22.77,NaN
1999,2,5,9,0,0,0.085,154,22.66,NaN
1999,2,5,12,0,0,0.128,161,22.64,NaN
1999,2,5,15,0,0,0.137,151,22.78,NaN
1999,2,5,18,0,0,0.114,154,22.93,NaN
1999,2,5,21,0,0,0.113,167,22.87,NaN
1999,2,6,0,0,0,0.121,163,22.66,NaN
1999,2,6,3,0,0,0.118,162,22.68,NaN
1999,2,6,6,0,0,0.059,154,22.41,NaN
1999,2,6,9,0,0,0.049,151,22.33,NaN
1999,2,6,12,0,0,0.07,143,22.42,NaN
1999,2,6,15,0,0,0.076,146,22.53,NaN
1999,2,6,18,0,0,0.038,158,23.04,NaN
1999,2,6,21,0,0,0.05,208,23.15,NaN
1999,2,7,0,0,0,0.061,211,22.7,NaN
1999,2,7,3,0,0,0.072,191,22.65,NaN
1999,2,7,6,0,0,0.031,203,22.64,NaN
1999,2,7,9,0,0,0.029,286,22.58,NaN
1999,2,7,12,0,0,0.047,285,22.54,NaN
1999,2,7,15,0,0,0.053,293,22.47,NaN
1999,2,7,18,0,0,0.04,279,22.46,NaN
1999,2,7,21,0,0,0.08,196,22.49,NaN
1999,2,8,0,0,0,0.119,170,22.49,NaN
1999,2,8,3,0,0,0.103,162,22.47,NaN
1999,2,8,6,0,0,0.039,173,22.32,NaN
1999,2,8,9,0,0,0.064,188,22.31,NaN
1999,2,8,12,0,0,0.07,163,22.36,NaN
1999,2,8,15,0,0,0.016,354,22.5,NaN
1999,2,8,18,0,0,0.053,189,22.62,NaN
1999,2,8,21,0,0,0.241,171,22.74,NaN
1999,2,9,0,0,0,0.181,160,22.74,NaN
1999,2,9,3,0,0,0.041,169,22.73,NaN
1999,2,9,6,0,0,0.033,272,22.68,NaN
1999,2,9,9,0,0,0.075,189,22.66,NaN
1999,2,9,12,0,0,0.152,170,22.73,NaN
1999,2,9,15,0,0,0.133,166,22.78,NaN
1999,2,9,18,0,0,0.083,168,22.87,NaN
1999,2,9,21,0,0,0.088,169,22.97,NaN
1999,2,10,0,0,0,0.115,178,22.81,NaN
1999,2,10,3,0,0,0.122,169,22.86,NaN
1999,2,10,6,0,0,0.127,170,22.98,NaN
1999,2,10,9,0,0,0.086,172,23.03,NaN
1999,2,10,12,0,0,0.039,179,22.93,NaN
1999,2,10,15,0,0,0.054,175,23.29,NaN
1999,2,10,18,0,0,0.074,186,23.49,NaN
1999,2,10,21,0,0,0.053,183,23.41,NaN
1999,2,11,0,0,0,0.053,206,23.33,NaN
1999,2,11,3,0,0,0.085,193,23.31,NaN
1999,2,11,6,0,0,0.113,184,23.29,NaN
1999,2,11,9,0,0,0.073,191,23.2,NaN
1999,2,11,12,0,0,0.027,274,23.13,NaN
1999,2,11,15,0,0,0.033,275,23.44,NaN
1999,2,11,18,0,0,0.057,239,23.56,NaN
1999,2,11,21,0,0,0.059,232,23.56,NaN
1999,2,12,0,0,0,0.098,190,23.41,NaN
1999,2,12,3,0,0,0.106,181,23.37,NaN
1999,2,12,6,0,0,0.067,179,23.35,NaN
1999,2,12,9,0,0,0.074,283,23.36,NaN
1999,2,12,12,0,0,0.083,239,23.4,NaN
1999,2,12,18,0,0,0.067,226,NaN,NaN
1999,2,12,21,0,0,0.129,253,23.49,NaN
1999,2,13,0,0,0,0.189,197,23.55,NaN
1999,2,13,3,0,0,0.264,171,23.56,NaN
1999,2,13,6,0,0,0.334,165,23.41,NaN
1999,2,13,9,0,0,0.446,160,22.95,NaN
1999,2,13,12,0,0,0.39,159,22.5,NaN
1999,2,13,15,0,0,0.34,158,22.27,NaN
1999,2,13,18,0,0,0.233,160,NaN,NaN
1999,2,13,21,0,0,0.167,167,22.09,NaN
1999,2,14,0,0,0,0.21,169,21.78,NaN
1999,2,14,3,0,0,0.314,165,21.36,NaN
1999,2,14,6,0,0,0.316,163,21.29,NaN
1999,2,14,9,0,0,0.252,163,21.06,NaN
1999,2,14,12,0,0,0.266,163,20.88,NaN
1999,2,14,15,0,0,0.349,165,20.89,NaN
1999,2,14,18,0,0,0.382,164,20.82,NaN
1999,2,14,21,0,0,0.274,164,20.59,NaN
1999,2,15,0,0,0,0.205,164,20.21,NaN
1999,2,15,3,0,0,0.233,166,20.05,NaN
1999,2,15,6,0,0,0.229,166,20.32,NaN
1999,2,15,9,0,0,0.156,167,20.52,NaN
1999,2,15,12,0,0,0.072,180,20.35,NaN
1999,2,15,15,0,0,0.076,197,20.86,NaN
1999,2,15,18,0,0,0.06,200,21.26,NaN
1999,2,15,21,0,0,0.067,249,21.29,NaN
1999,2,16,0,0,0,0.091,219,21.23,NaN
1999,2,16,3,0,0,0.139,199,21.27,NaN
1999,2,16,6,0,0,0.139,195,21.34,NaN
1999,2,16,9,0,0,0.09,191,21.2,NaN
1999,2,16,12,0,0,0.063,222,21.22,NaN
1999,2,16,15,0,0,0.085,241,21.7,NaN
1999,2,16,18,0,0,0.109,219,21.68,NaN
1999,2,16,21,0,0,0.127,215,21.33,NaN
1999,2,17,0,0,0,0.148,198,21.26,NaN
1999,2,17,3,0,0,0.162,185,21.16,NaN
1999,2,17,6,0,0,0.133,190,21.18,NaN
1999,2,17,9,0,0,0.076,218,21.19,NaN
1999,2,17,12,0,0,0.143,193,21.25,NaN
1999,2,17,15,0,0,0.126,205,21.38,NaN
1999,2,17,18,0,0,0.114,278,21.38,NaN
1999,2,17,21,0,0,0.143,295,21.38,NaN
1999,2,18,0,0,0,0.215,186,21.36,NaN
1999,2,18,3,0,0,0.263,173,21.26,NaN
1999,2,18,6,0,0,0.16,189,21.13,NaN
1999,2,18,9,0,0,0.091,254,21.08,NaN
1999,2,18,12,0,0,0.148,228,21.08,NaN
1999,2,18,15,0,0,0.22,188,21.26,NaN
1999,2,18,18,0,0,0.194,177,21.36,NaN
1999,2,18,21,0,0,0.152,172,21.52,NaN
1999,2,19,0,0,0,0.126,177,21.53,NaN
1999,2,19,3,0,0,0.128,179,21.43,NaN
1999,2,19,6,0,0,0.166,174,21.41,NaN
1999,2,19,9,0,0,0.156,180,21.38,NaN
1999,2,19,12,0,0,0.084,218,21.35,NaN
1999,2,19,15,0,0,0.068,278,21.37,NaN
1999,2,19,18,0,0,0.06,220,21.53,NaN
1999,2,19,21,0,0,0.074,211,21.53,NaN
1999,2,20,0,0,0,0.044,196,21.47,NaN
1999,2,20,3,0,0,0.04,216,21.23,NaN
1999,2,20,6,0,0,0.083,192,21.03,NaN
1999,2,20,9,0,0,0.151,166,21.13,NaN
1999,2,20,12,0,0,0.153,159,21.02,NaN
1999,2,20,15,0,0,0.106,167,21.34,NaN
1999,2,20,18,0,0,0.135,181,21.4,NaN
1999,2,20,21,0,0,0.174,178,21.34,NaN
1999,2,21,0,0,0,0.141,180,21.22,NaN
1999,2,21,3,0,0,0.057,190,21.11,NaN
1999,2,21,6,0,0,0.078,194,20.75,NaN
1999,2,21,9,0,0,0.11,179,20.65,NaN
1999,2,21,12,0,0,0.089,177,20.78,NaN
1999,2,21,15,0,0,0.049,204,21.18,NaN
1999,2,21,18,0,0,0.061,205,21.09,NaN
1999,2,21,21,0,0,0.109,188,20.89,NaN
1999,2,22,0,0,0,0.128,186,20.63,NaN
1999,2,22,3,0,0,0.134,175,20.51,NaN
1999,2,22,6,0,0,0.16,172,20.2,NaN
1999,2,22,9,0,0,0.227,166,19.79,NaN
1999,2,22,12,0,0,0.319,166,19.79,NaN
1999,2,22,15,0,0,0.311,165,20.09,NaN
1999,2,22,18,0,0,0.279,166,19.94,NaN
1999,2,22,21,0,0,0.295,167,19.62,NaN
1999,2,23,0,0,0,0.311,171,19.49,NaN
1999,2,23,3,0,0,0.208,167,19.47,NaN
1999,2,23,6,0,0,0.121,181,19.13,NaN
1999,2,23,9,0,0,0.097,180,18.95,NaN
1999,2,23,12,0,0,0.085,174,19.04,NaN
1999,2,23,15,0,0,0.058,239,19.78,NaN
1999,2,23,18,0,0,0.096,274,20.27,NaN
1999,2,23,21,0,0,0.103,265,20.24,NaN
1999,2,24,0,0,0,0.117,218,20.09,NaN
1999,2,24,3,0,0,0.093,201,19.98,NaN
1999,2,24,6,0,0,0.085,210,19.79,NaN
1999,2,24,9,0,0,0.059,209,19.42,NaN
1999,2,24,12,0,0,0.153,188,19.46,NaN
1999,2,24,15,0,0,0.136,189,19.78,NaN
1999,2,24,18,0,0,0.079,221,19.83,NaN
1999,2,24,21,0,0,0.056,245,19.77,NaN
1999,2,25,0,0,0,0.12,202,19.63,NaN
1999,2,25,3,0,0,0.178,183,19.48,NaN
1999,2,25,6,0,0,0.145,187,19.29,NaN
1999,2,25,9,0,0,0.105,196,19.03,NaN
1999,2,25,12,0,0,0.123,188,18.94,NaN
1999,2,25,15,0,0,0.139,194,19.42,NaN
1999,2,25,18,0,0,0.101,224,19.69,NaN
1999,2,25,21,0,0,0.088,254,19.65,NaN
1999,2,26,0,0,0,0.1,239,19.62,NaN
1999,2,26,3,0,0,0.117,218,19.54,NaN
1999,2,26,6,0,0,0.09,230,19.42,NaN
1999,2,26,9,0,0,0.085,239,19.29,NaN
1999,2,26,12,0,0,0.072,254,19.28,NaN
1999,2,26,15,0,0,0.098,246,19.5,NaN
1999,2,26,18,0,0,0.118,256,19.69,NaN
1999,2,26,21,0,0,0.134,265,19.68,NaN
1999,2,27,0,0,0,0.141,247,19.63,NaN
1999,2,27,3,0,0,0.155,222,19.52,NaN
1999,2,27,6,0,0,0.121,226,19.46,NaN
1999,2,27,9,0,0,0.108,261,19.44,NaN
1999,2,27,12,0,0,0.129,250,19.43,NaN
1999,2,27,15,0,0,0.134,261,19.54,NaN
1999,2,27,18,0,0,0.15,275,19.41,NaN
1999,2,27,21,0,0,0.149,237,19.27,NaN
1999,2,28,0,0,0,0.158,210,19.25,NaN
1999,2,28,3,0,0,0.145,208,19.33,NaN
1999,2,28,6,0,0,0.115,237,19.28,NaN
1999,2,28,9,0,0,0.203,221,19.26,NaN
1999,2,28,12,0,0,0.227,207,19.27,NaN
1999,2,28,15,0,0,0.162,221,19.5,NaN
1999,2,28,18,0,0,0.141,256,19.61,NaN
1999,2,28,21,0,0,0.139,254,19.63,NaN
1999,3,1,0,0,0,0.141,230,19.56,NaN
1999,3,1,3,0,0,0.162,200,19.49,NaN
1999,3,1,6,0,0,0.211,199,19.57,NaN
1999,3,1,9,0,0,0.168,212,19.7,NaN
1999,3,1,12,0,0,0.101,246,19.71,NaN
1999,3,1,15,0,0,0.107,258,19.68,NaN
1999,3,1,18,0,0,NaN,NaN,NaN,NaN
1999,3,1,21,0,0,0.142,265,19.84,NaN
1999,3,2,0,0,0,0.196,214,19.87,NaN
1999,3,2,3,0,0,0.168,192,19.69,NaN
1999,3,2,6,0,0,0.142,208,19.68,NaN
1999,3,2,9,0,0,0.114,219,19.7,NaN
1999,3,2,12,0,0,0.097,246,19.67,NaN
1999,3,2,15,0,0,0.134,243,19.91,NaN
1999,3,2,18,0,0,0.131,248,19.88,NaN
1999,3,2,21,0,0,0.148,267,19.87,NaN
1999,3,3,0,0,0,0.146,248,19.93,NaN
1999,3,3,3,0,0,0.141,198,19.95,NaN
1999,3,3,6,0,0,0.113,260,19.91,NaN
1999,3,3,9,0,0,0.195,284,19.84,NaN
1999,3,3,12,0,0,0.177,253,19.95,5.93
1999,3,3,15,0,0,0.221,198,19.93,5.5
1999,3,3,18,0,0,0.137,216,19.94,6.13
1999,3,3,21,0,0,0.143,250,19.87,6.58
1999,3,4,0,0,0,0.145,261,19.84,6.06
1999,3,4,3,0,0,0.138,232,19.83,5.56
1999,3,4,6,0,0,NaN,292,19.87,6.07
1999,3,4,9,0,0,0.129,212,19.37,6.62
1999,3,4,12,0,0,0.095,239,NaN,6.19
1999,3,4,15,0,0,0.133,233,19.56,5.62
1999,3,4,18,0,0,NaN,NaN,NaN,6.01
1999,3,4,21,0,0,0.115,230,19.85,6.58
1999,3,5,0,0,0,0.1,258,19.76,6.28
1999,3,5,3,0,0,0.111,275,19.63,5.66
1999,3,5,6,0,0,0.102,275,19.44,5.92
1999,3,5,9,0,0,0.11,301,19.36,6.48
1999,3,5,12,0,0,0.079,259,19.85,6.2
1999,3,5,15,0,0,0.138,199,19.87,5.6
1999,3,5,18,0,0,0.106,215,20.02,5.79
1999,3,5,21,0,0,0.105,261,20.02,6.37
1999,3,6,0,0,0,0.13,258,20.02,6.31
1999,3,6,3,0,0,0.145,213,19.87,5.72
1999,3,6,6,0,0,0.124,206,19.88,5.78
1999,3,6,9,0,0,0.09,223,19.8,6.33
1999,3,6,12,0,0,0.104,237,19.93,6.25
1999,3,6,15,0,0,0.122,214,20.05,5.75
1999,3,6,18,0,0,0.108,215,20.01,5.71
1999,3,6,21,0,0,0.08,266,20.11,6.28
1999,3,7,0,0,0,0.097,283,20.09,6.41
1999,3,7,3,0,0,0.084,218,20.1,5.88
1999,3,7,6,0,0,0.091,187,20.26,5.77
1999,3,7,9,0,0,0.056,226,20.32,6.2
1999,3,7,12,0,0,0.018,222,20.39,6.3
1999,3,7,15,0,0,0.102,150,20.73,5.89
1999,3,7,18,0,0,0.208,157,21.09,5.76
1999,3,7,21,0,0,0.289,159,21.09,6.24
1999,3,8,0,0,0,0.25,158,20.64,6.58
1999,3,8,3,0,0,0.153,157,20.31,6.25
1999,3,8,6,0,0,0.12,159,20.05,5.93
1999,3,8,9,0,0,0.077,161,19.8,6.22
1999,3,8,12,0,0,0.005,148,19.74,6.51
1999,3,8,15,0,0,0.046,293,19.86,6.11
1999,3,8,18,0,0,0.015,240,19.93,5.82
1999,3,8,21,0,0,0.019,358,19.93,6.13
1999,3,9,0,0,0,0.075,322,19.62,6.54
1999,3,9,3,0,0,0.089,248,19.74,6.34
1999,3,9,6,0,0,0.221,184,19.75,5.9
1999,3,9,9,0,0,0.115,194,19.78,5.99
1999,3,9,12,0,0,0.165,316,19.78,6.32
1999,3,9,15,0,0,0.067,237,19.94,6.13
1999,3,9,18,0,0,0.259,158,20.21,5.73
1999,3,9,21,0,0,0.117,118,20.26,5.85
1999,3,10,0,0,0,0.1,357,20.2,6.34
1999,3,10,3,0,0,0.088,323,20.24,6.32
1999,3,10,6,0,0,0.066,195,20.4,5.92
1999,3,10,9,0,0,0.119,163,20.18,5.89
1999,3,10,12,0,0,0.106,156,20.23,NaN
1999,3,10,15,0,0,0.058,163,20.29,6.27
1999,3,10,18,0,0,0.01,195,20.36,5.94
1999,3,10,21,0,0,0.02,154,20.39,5.86
1999,3,11,0,0,0,0.093,153,20.4,6.34
1999,3,11,3,0,0,0.124,159,20.44,6.52
1999,3,11,6,0,0,0.058,124,20.53,6.19
1999,3,11,9,0,0,0.047,78,20.29,5.93
1999,3,11,12,0,0,0.05,115,20.16,6.23
1999,3,11,15,0,0,0.036,111,20.47,6.37
1999,3,11,18,0,0,0.023,56,20.6,6.06
1999,3,11,21,0,0,0.011,55,20.54,5.85
1999,3,12,0,0,0,0.041,142,20.46,6.26
1999,3,12,3,0,0,0.077,152,20.34,6.61
1999,3,12,6,0,0,0.049,136,20.25,6.36
1999,3,12,9,0,0,0.053,85,20.08,5.93
1999,3,12,12,0,0,0.059,98,19.94,6.13
1999,3,12,15,0,0,0.043,118,20.42,6.42
1999,3,12,18,0,0,0.023,68,20.7,6.23
1999,3,12,21,0,0,0.034,39,20.7,5.85
1999,3,13,0,0,0,0.034,125,20.66,6.09
1999,3,13,3,0,0,0.075,141,20.57,6.6
1999,3,13,6,0,0,0.043,103,20.46,6.52
1999,3,13,9,0,0,0.055,4,20.41,5.98
1999,3,13,12,0,0,0.068,346,20.45,6.01
1999,3,13,15,0,0,0.12,338,20.54,6.4
1999,3,13,18,0,0,0.109,323,20.49,6.36
1999,3,13,21,0,0,0.125,174,20.57,5.83
1999,3,14,0,0,0,0.125,144,20.62,5.87
1999,3,14,3,0,0,0.057,8,20.61,6.51
1999,3,14,6,0,0,0.162,343,20.59,6.6
1999,3,14,9,0,0,0.03,73,20.65,6.04
1999,3,14,12,0,0,0.098,65,20.73,5.82
1999,3,14,15,0,0,0.176,350,20.84,6.21
1999,3,14,18,0,0,0.119,321,20.99,6.42
1999,3,14,21,0,0,NaN,NaN,20.94,5.96
1999,3,15,0,0,0,0.119,151,20.9,5.65
1999,3,15,3,0,0,0.128,150,20.82,6.23
1999,3,15,6,0,0,0.094,149,20.82,6.68
1999,3,15,9,0,0,0.029,118,20.76,6.21
1999,3,15,12,0,0,0.017,41,20.76,5.72
1999,3,15,15,0,0,0.009,113,20.73,6.19
1999,3,15,18,0,0,0.046,146,20.78,6.6
1999,3,15,21,0,0,0.061,130,20.7,6.19
1999,3,16,0,0,0,0.06,123,20.48,5.66
1999,3,16,3,0,0,0.134,150,19.98,6.13
1999,3,16,6,0,0,0.195,150,19.99,6.78
1999,3,16,9,0,0,0.176,141,19.9,6.47
1999,3,16,12,0,0,0.123,127,19.76,5.72
1999,3,16,15,0,0,0.071,112,19.8,6.02
1999,3,16,18,0,0,0.035,87,20.29,6.67
1999,3,16,21,0,0,0.041,8,20.32,6.4
1999,3,17,0,0,0,0.032,21,20.23,5.6
1999,3,17,3,0,0,0.045,89,20.09,5.82
1999,3,17,6,0,0,0.07,99,20.05,6.6
1999,3,17,9,0,0,0.065,83,19.97,6.46
1999,3,17,12,0,0,0.043,81,20.05,5.64
1999,3,17,15,0,0,0.038,138,20.32,5.67
1999,3,17,18,0,0,0.053,141,20.23,6.46
1999,3,17,21,0,0,0.018,125,20.25,6.5
1999,3,18,0,0,0,0.038,147,20.27,5.71
1999,3,18,3,0,0,0.081,132,20.29,5.58
1999,3,18,6,0,0,0.067,104,20.21,6.4
1999,3,18,9,0,0,0.055,75,20.14,6.63
1999,3,18,12,0,0,0.037,33,20.18,5.79
1999,3,18,15,0,0,0.017,23,20.38,5.51
1999,3,18,18,0,0,0.017,72,20.38,6.29
1999,3,18,21,0,0,0.057,4,20.31,6.7
1999,3,19,0,0,0,0.017,70,20.36,5.94
1999,3,19,3,0,0,0.099,133,20.49,5.43
1999,3,19,6,0,0,0.097,127,20.43,6.14
1999,3,19,9,0,0,0.067,117,20.46,6.63
1999,3,19,12,0,0,0.035,52,20.59,NaN
1999,3,19,15,0,0,0.027,49,20.78,5.42
1999,3,19,18,0,0,0.029,131,20.78,6.11
1999,3,19,21,0,0,0.023,115,20.73,6.76
1999,3,20,0,0,0,0.03,28,20.49,6.25
1999,3,20,3,0,0,0.017,67,20.51,5.49
1999,3,20,6,0,0,0.055,135,20.67,5.92
1999,3,20,9,0,0,0.089,138,20.57,6.61
1999,3,20,12,0,0,0.043,110,20.78,6.24
1999,3,20,15,0,0,0.018,78,21,5.49
1999,3,20,18,0,0,0.027,128,21.08,5.84
1999,3,20,21,0,0,0.016,122,21.01,6.7
1999,3,21,0,0,0,0.025,358,20.89,6.45
1999,3,21,3,0,0,0.017,124,20.91,5.63
1999,3,21,6,0,0,0.051,138,20.96,5.66
1999,3,21,9,0,0,0.024,33,21.02,6.38
1999,3,21,12,0,0,0.039,321,21.05,6.34
1999,3,21,15,0,0,0.033,196,21.06,5.58
1999,3,21,18,0,0,0.08,147,21.34,5.58
1999,3,21,21,0,0,0.105,149,21.37,6.36
1999,3,22,0,0,0,0.066,147,21.33,6.55
1999,3,22,3,0,0,0.027,46,21.24,5.88
1999,3,22,6,0,0,0.053,53,20.97,5.62
1999,3,22,9,0,0,0.077,120,20.52,6.17
1999,3,22,12,0,0,0.09,133,20.7,6.43
1999,3,22,15,0,0,NaN,NaN,21.19,5.86
1999,3,22,18,0,0,0.025,31,21.41,5.52
1999,3,22,21,0,0,0.015,89,21.38,6.17
1999,3,23,0,0,0,0.034,46,21.3,6.63
1999,3,23,3,0,0,0.085,8,21.23,6.15
1999,3,23,6,0,0,0.06,7,21.11,5.55
1999,3,23,9,0,0,0.061,60,21.01,5.86
1999,3,23,12,0,0,0.069,80,21.05,6.33
1999,3,23,15,0,0,NaN,NaN,21.45,5.98
1999,3,23,18,0,0,0.016,108,21.49,5.41
1999,3,23,21,0,0,0.033,142,21.25,5.8
1999,3,24,0,0,0,0.048,148,21.22,6.47
1999,3,24,3,0,0,0.009,76,21.17,6.32
1999,3,24,6,0,0,0.038,356,21.18,5.64
1999,3,24,9,0,0,0.044,8,21.17,5.63
1999,3,24,12,0,0,0.071,358,21.2,6.2
1999,3,24,15,0,0,0.036,346,21.3,6.2
1999,3,24,18,0,0,NaN,NaN,21.66,5.59
1999,3,24,21,0,0,0.054,160,21.36,5.57
1999,3,25,0,0,0,0.051,142,21.32,6.25
1999,3,25,3,0,0,0.019,65,21.32,6.44
1999,3,25,6,0,0,0.026,26,21.3,5.91
1999,3,25,9,0,0,0.007,98,21.25,5.57
1999,3,25,12,0,0,0.014,173,21.25,6.05
1999,3,25,15,0,0,0.008,150,21.37,6.31
1999,3,25,18,0,0,0.004,317,21.36,5.8
1999,3,25,21,0,0,0.013,291,21.35,5.48
1999,3,26,0,0,0,0.011,243,21.39,6.03
1999,3,26,3,0,0,0.022,48,21.61,6.49
1999,3,26,6,0,0,0.044,12,21.59,6.12
1999,3,26,9,0,0,0.049,360,21.36,5.57
1999,3,26,12,0,0,0.015,319,21.22,5.92
1999,3,26,15,0,0,0.017,154,21.49,6.28
1999,3,26,18,0,0,0.02,97,21.55,6.1
1999,3,26,21,0,0,0.029,143,21.59,5.6
1999,3,27,0,0,0,0.094,162,21.62,5.87
1999,3,27,3,0,0,0.14,158,21.52,6.48
1999,3,27,6,0,0,0.119,151,21.3,6.42
1999,3,27,9,0,0,0.109,134,21.25,5.8
1999,3,27,12,0,0,0.191,149,21.19,5.77
1999,3,27,15,0,0,0.264,155,21.4,NaN
1999,3,27,18,0,0,0.218,151,21.55,6.42
1999,3,27,21,0,0,0.125,138,21.51,5.85
1999,3,28,0,0,0,0.111,133,21.26,5.74
1999,3,28,3,0,0,0.13,138,21,6.34
1999,3,28,6,0,0,NaN,NaN,20.83,6.56
1999,3,28,9,0,0,0.066,61,20.87,5.92
1999,3,28,12,0,0,0.057,26,20.82,5.6
1999,3,28,15,0,0,0.026,40,21.53,6.12
1999,3,28,18,0,0,NaN,NaN,21.88,6.43
1999,3,28,21,0,0,0.061,350,21.93,5.91
1999,3,29,0,0,0,0.011,19,21.81,5.49
1999,3,29,3,0,0,0.018,195,21.65,6.06
1999,3,29,6,0,0,0.017,38,21.57,6.52
1999,3,29,9,0,0,NaN,NaN,21.38,6.03
1999,3,29,12,0,0,0.014,74,21.52,5.5
1999,3,29,15,0,0,0.044,114,21.64,5.92
1999,3,29,18,0,0,0.05,35,21.49,6.46
1999,3,29,21,0,0,0.049,23,21.58,6.09
1999,3,30,0,0,0,0.084,153,21.84,5.45
1999,3,30,3,0,0,0.045,134,21.69,5.81
1999,3,30,6,0,0,0.03,20,21.58,6.47
1999,3,30,9,0,0,0.056,14,21.54,6.16
1999,3,30,12,0,0,0.019,114,21.54,5.52
1999,3,30,15,0,0,0.041,142,21.84,5.78
1999,3,30,18,0,0,0.054,139,22.01,6.4
1999,3,30,21,0,0,0.022,105,21.91,6.32
1999,3,31,0,0,0,0.031,9,21.83,5.65
1999,3,31,3,0,0,0.039,348,21.76,5.8
1999,3,31,6,0,0,0.067,359,21.73,6.47
1999,3,31,9,0,0,0.159,285,21.72,6.43
1999,3,31,12,0,0,0.188,215,21.77,5.73
1999,3,31,15,0,0,0.153,138,22.04,5.66
1999,3,31,18,0,0,0.102,9,22.12,6.3
1999,3,31,21,0,0,0.212,337,22.08,6.44
1999,4,1,0,0,0,0.063,219,22.03,5.76
1999,4,1,3,0,0,0.143,138,22.04,5.59
1999,4,1,6,0,0,0.081,346,21.99,6.13
1999,4,1,9,0,0,0.086,328,21.99,6.35
1999,4,1,12,0,0,0.045,178,21.99,5.73
1999,4,1,15,0,0,0.063,118,22.27,5.51
1999,4,1,18,0,0,0.115,353,22.44,6.1
1999,4,1,21,0,0,0.157,341,22.45,6.41
1999,4,2,0,0,0,0.011,197,22.38,5.76
1999,4,2,3,0,0,0.148,152,22.51,5.42
1999,4,2,6,0,0,0.114,138,22.45,5.95
1999,4,2,9,0,0,NaN,NaN,22.43,6.32
1999,4,2,12,0,0,0.037,69,22.42,5.85
1999,4,2,15,0,0,0.023,107,22.49,5.47
1999,4,2,18,0,0,0.06,158,22.45,6.04
1999,4,2,21,0,0,0.056,152,22.42,6.5
1999,4,3,0,0,0,0.024,88,22.4,6.09
1999,4,3,3,0,0,0.023,47,22.41,5.55
1999,4,3,6,0,0,0.024,91,22.44,5.9
1999,4,3,9,0,0,0.037,78,22.4,6.35
1999,4,3,12,0,0,0.046,71,22.44,6.02
1999,4,3,15,0,0,0.021,22,23.69,5.55
1999,4,3,18,0,0,0.019,7,24.2,5.89
1999,4,3,21,0,0,0.019,71,24.08,6.46
1999,4,4,0,0,0,0.027,45,23.67,NaN
1999,4,4,3,0,0,0.029,12,23.45,5.78
1999,4,4,6,0,0,0.006,185,23.26,5.63
1999,4,4,9,0,0,0.024,128,22.72,6.13
1999,4,4,12,0,0,0.033,117,22.53,6.21
1999,4,4,15,0,0,0.03,135,22.62,5.9
1999,4,4,18,0,0,0.031,122,22.63,5.58
1999,4,4,21,0,0,0.041,138,22.57,NaN
1999,4,5,0,0,0,0.019,95,22.54,6.49
1999,4,5,3,0,0,NaN,NaN,22.54,6.16
1999,4,5,6,0,0,0.038,19,22.55,5.64
1999,4,5,9,0,0,0.055,35,22.5,5.91
1999,4,5,12,0,0,0.034,18,22.58,6.26
1999,4,5,15,0,0,0.038,136,22.88,6.05
1999,4,5,18,0,0,0.046,145,23.02,5.65
1999,4,5,21,0,0,0.053,130,22.74,5.91
1999,4,6,0,0,0,0.04,114,22.73,6.48
1999,4,6,3,0,0,0.034,58,22.76,6.33
1999,4,6,6,0,0,0.027,75,22.78,5.85
1999,4,6,9,0,0,0.046,125,22.79,5.87
1999,4,6,12,0,0,0.063,118,22.84,6.27
1999,4,6,15,0,0,0.043,104,23.17,6.21
1999,4,6,18,0,0,0.034,51,24.01,5.81
1999,4,6,21,0,0,0.021,68,23.97,5.87
1999,4,7,0,0,0,0.034,59,23.78,6.38
1999,4,7,3,0,0,0.046,28,23.65,6.42
1999,4,7,6,0,0,0.055,10,23.61,5.97
1999,4,7,9,0,0,0.053,29,23.54,5.81
1999,4,7,12,0,0,0.079,13,23.54,6.16
1999,4,7,15,0,0,0.076,8,23.66,6.24
1999,4,7,18,0,0,0.034,17,23.87,5.88
1999,4,7,21,0,0,0.025,19,23.62,5.73
1999,4,8,0,0,0,0.029,17,23.64,6.17
1999,4,8,3,0,0,0.06,358,23.52,6.4
1999,4,8,6,0,0,0.014,56,23.49,6.05
1999,4,8,9,0,0,0.033,99,23.37,5.69
1999,4,8,12,0,0,0.074,12,23.36,5.87
1999,4,8,15,0,0,0.061,157,23.54,6.17
1999,4,8,18,0,0,0.214,150,23.66,5.9
1999,4,8,21,0,0,0.032,149,23.77,5.61
1999,4,9,0,0,0,0.129,326,23.8,5.96
1999,4,9,3,0,0,0.109,341,23.84,6.3
1999,4,9,6,0,0,0.057,162,23.74,6.12
1999,4,9,9,0,0,0.145,149,23.69,5.68
1999,4,9,12,0,0,0.072,126,23.69,5.76
1999,4,9,15,0,0,0.021,29,23.75,6.17
1999,4,9,18,0,0,0.022,78,23.81,6.09
1999,4,9,21,0,0,0.041,127,23.96,5.7
1999,4,10,0,0,0,0.042,125,23.93,5.81
1999,4,10,3,0,0,0.035,78,23.88,6.29
1999,4,10,6,0,0,0.04,32,23.77,6.33
1999,4,10,9,0,0,0.038,38,23.74,5.83
1999,4,10,12,0,0,0.039,34,23.77,5.76
1999,4,10,15,0,0,0.088,358,23.98,6.14
1999,4,10,18,0,0,0.043,2,24.18,6.26
1999,4,10,21,0,0,0.053,148,24.42,5.88
1999,4,11,0,0,0,0.045,125,24.48,5.73
1999,4,11,3,0,0,0.073,136,24.21,6.23
1999,4,11,6,0,0,NaN,NaN,24.23,6.45
1999,4,11,9,0,0,NaN,NaN,24.26,6.03
1999,4,11,12,0,0,0.052,109,NaN,5.73
1999,4,11,15,0,0,0.093,141,24.86,6.1
1999,4,11,18,0,0,0.087,179,25.54,6.41
1999,4,11,21,0,0,0.04,191,25.6,6.04
1999,4,12,0,0,0,0.034,209,24.87,5.7
1999,4,12,3,0,0,0.091,192,24.69,6.31
1999,4,12,6,0,0,0.146,172,24.6,6.54
1999,4,12,9,0,0,0.121,165,24.58,6.07
1999,4,12,12,0,0,0.035,136,24.59,5.72
1999,4,12,15,0,0,0.117,164,24.78,6.23
1999,4,12,18,0,0,0.193,169,24.93,6.57
1999,4,12,21,0,0,0.088,171,24.96,6.1
1999,4,13,0,0,0,0.032,196,24.94,5.7
1999,4,13,3,0,0,0.087,168,24.88,6.18
1999,4,13,6,0,0,0.192,169,24.75,6.75
1999,4,13,9,0,0,0.241,156,24.63,6.35
1999,4,13,12,0,0,0.179,145,24.33,5.73
1999,4,13,15,0,0,0.221,157,24.6,6.12
1999,4,13,18,0,0,0.323,165,24.86,6.72
1999,4,13,21,0,0,0.293,161,24.84,6.42
1999,4,14,0,0,0,0.159,154,24.74,5.77
1999,4,14,3,0,0,0.095,154,24.59,6.06
1999,4,14,6,0,0,0.177,162,24.38,6.7
1999,4,14,9,0,0,0.166,156,24.28,6.49
1999,4,14,12,0,0,0.062,131,24.24,5.69
1999,4,14,15,0,0,0.051,314,24.49,5.86
1999,4,14,18,0,0,0.051,319,24.69,6.65
1999,4,14,21,0,0,0.121,327,24.68,6.6
1999,4,15,0,0,0,0.174,236,24.59,5.75
1999,4,15,3,0,0,0.32,150,24.59,5.73
1999,4,15,6,0,0,0.104,108,24.44,6.45
1999,4,15,9,0,0,0.087,324,24.37,6.56
1999,4,15,12,0,0,0.195,229,24.56,5.7
1999,4,15,15,0,0,0.273,164,24.74,5.53
1999,4,15,18,0,0,0.085,171,24.86,6.37
1999,4,15,21,0,0,0.048,189,24.95,6.64
1999,4,16,0,0,0,0.027,312,24.89,5.86
1999,4,16,3,0,0,0.153,175,24.85,5.45
1999,4,16,6,0,0,0.189,152,24.81,6.17
1999,4,16,9,0,0,0.212,162,24.78,6.59
1999,4,16,12,0,0,0.079,153,24.79,5.9
1999,4,16,15,0,0,0.055,138,24.84,5.4
1999,4,16,18,0,0,0.094,166,25.24,6.2
1999,4,16,21,0,0,0.148,171,25.26,6.84
1999,4,17,0,0,0,0.081,172,25.2,6.23
1999,4,17,3,0,0,0.042,308,25.13,5.45
1999,4,17,6,0,0,0.057,163,25.04,5.95
1999,4,17,9,0,0,0.186,167,24.92,6.7
1999,4,17,12,0,0,0.149,156,24.85,6.18
1999,4,17,15,0,0,0.098,156,24.69,5.39
1999,4,17,18,0,0,0.073,149,24.48,5.87
1999,4,17,21,0,0,0.092,170,24.36,6.76
1999,4,18,0,0,0,0.057,173,24.39,6.51
1999,4,18,3,0,0,0.003,215,24.27,5.5
1999,4,18,6,0,0,0.085,165,24.07,5.65
1999,4,18,9,0,0,0.132,154,24.07,6.47
1999,4,18,12,0,0,0.231,166,24.04,6.27
1999,4,18,15,0,0,0.039,127,23.85,5.43
1999,4,18,18,0,0,0.014,233,24.13,5.59
1999,4,18,21,0,0,0.052,191,24.24,6.51
1999,4,19,0,0,0,0.074,161,24.22,6.6
1999,4,19,3,0,0,0.009,174,24.01,5.74
1999,4,19,6,0,0,0.035,308,23.8,5.48
1999,4,19,9,0,0,0.017,212,23.7,6.13
1999,4,19,12,0,0,0.03,132,23.72,6.32
1999,4,19,15,0,0,0.011,126,23.97,5.63
1999,4,19,18,0,0,0.056,170,24.18,5.4
1999,4,19,21,0,0,0.106,167,24.17,6.19
1999,4,20,0,0,0,0.166,163,24.06,6.67
1999,4,20,3,0,0,0.05,172,23.93,6.04
1999,4,20,6,0,0,0.018,101,23.84,5.43
1999,4,20,9,0,0,0.047,150,23.63,5.85
1999,4,20,12,0,0,0.089,148,23.59,6.36
1999,4,20,15,0,0,0.034,119,23.81,5.92
1999,4,20,18,0,0,0.047,184,24.34,5.36
1999,4,20,21,0,0,0.035,182,24.39,5.84
1999,4,21,0,0,0,0.03,226,24.24,6.53
1999,4,21,3,0,0,0.038,313,24.08,6.24
1999,4,21,6,0,0,0.07,213,24.12,5.5
1999,4,21,9,0,0,0.155,160,24.04,5.61
1999,4,21,12,0,0,0.1,143,23.95,6.21
1999,4,21,15,0,0,0.061,173,24.22,6.09
1999,4,21,18,0,0,0.011,228,24.21,5.5
1999,4,21,21,0,0,0.081,170,24.18,5.61
1999,4,22,0,0,0,0.021,207,24.18,6.36
1999,4,22,3,0,0,0.019,253,24.23,6.42
1999,4,22,6,0,0,0.05,305,24.12,5.76
1999,4,22,9,0,0,0.165,176,24.33,5.53
1999,4,22,12,0,0,0.127,148,24.15,6.05
1999,4,22,15,0,0,0.05,148,24.41,6.23
1999,4,22,18,0,0,0.015,258,24.6,5.74
1999,4,22,21,0,0,0.056,182,24.64,5.48
1999,4,23,0,0,0,0.09,173,24.59,6.08
1999,4,23,3,0,0,0.144,171,24.5,6.45
1999,4,23,6,0,0,0.107,171,24.39,6.03
1999,4,23,9,0,0,0.021,157,24.46,5.55
1999,4,23,12,0,0,0.01,185,24.49,5.85
1999,4,23,15,0,0,0.061,173,24.63,6.29
1999,4,23,18,0,0,0.04,173,24.68,6.01
1999,4,23,21,0,0,0.062,185,24.64,5.52
1999,4,24,0,0,0,0.091,177,24.51,5.83
1999,4,24,3,0,0,0.084,171,24.46,6.36
1999,4,24,6,0,0,0.07,166,24.43,6.21
1999,4,24,9,0,0,0.034,189,24.43,5.57
1999,4,24,12,0,0,0.053,153,24.45,5.65
1999,4,24,15,0,0,0.065,161,24.61,6.23
1999,4,24,18,0,0,0.031,147,25.15,6.25
1999,4,24,21,0,0,0.052,197,25.5,5.7
1999,4,25,0,0,0,0.106,171,24.74,5.74
1999,4,25,3,0,0,0.074,177,24.66,6.33
1999,4,25,6,0,0,0.073,168,24.55,6.46
1999,4,25,9,0,0,0.042,338,24.6,5.87
1999,4,25,12,0,0,0.052,141,24.72,5.72
1999,4,25,15,0,0,0.103,173,25.05,6.25
1999,4,25,18,0,0,0.134,161,24.92,6.55
1999,4,25,21,0,0,0.163,155,24.93,6.09
1999,4,26,0,0,0,0.133,163,25.48,5.85
1999,4,26,3,0,0,0.186,165,25.46,6.35
1999,4,26,6,0,0,0.24,166,25.51,6.66
1999,4,26,9,0,0,0.143,171,25.56,6.25
1999,4,26,12,0,0,0.026,238,25.46,5.79
1999,4,26,15,0,0,0.046,308,25.46,6.22
1999,4,26,18,0,0,0.126,330,25.84,6.69
1999,4,26,21,0,0,0.137,330,25.84,6.31
1999,4,27,0,0,0,0.21,198,25.68,5.72
1999,4,27,3,0,0,0.149,157,25.76,6.03
1999,4,27,6,0,0,0.025,204,25.38,6.54
1999,4,27,9,0,0,0.069,346,25.44,6.26
1999,4,27,12,0,0,0.161,187,25.45,5.67
1999,4,27,15,0,0,0.143,165,25.68,5.94
1999,4,27,18,0,0,0.097,178,25.96,6.55
1999,4,27,21,0,0,0.041,183,24.11,6.34
1999,4,28,0,0,0,0.053,259,23.74,5.72
1999,4,28,3,0,0,0.122,176,22.86,5.86
1999,4,28,6,0,0,0.082,175,22.63,6.44
1999,4,28,9,0,0,0.053,188,22.33,6.38
1999,4,28,12,0,0,0.371,182,22.27,5.69
1999,4,28,15,0,0,0.235,150,22.74,5.73
1999,4,28,18,0,0,0.007,250,23.22,6.4
1999,4,28,21,0,0,0.062,358,23.31,6.47
1999,4,29,0,0,0,0.02,240,24.29,5.9
1999,4,29,3,0,0,0.184,170,24.41,5.8
1999,4,29,6,0,0,0.15,168,24.36,6.31
1999,4,29,9,0,0,0.152,178,24.28,6.5
1999,4,29,12,0,0,0.08,138,24,5.93
1999,4,29,15,0,0,0.135,157,24.51,5.84
1999,4,29,18,0,0,0.23,165,24.95,6.5
1999,4,29,21,0,0,0.27,167,25.05,6.82
1999,4,30,0,0,0,0.205,164,24.93,6.3
1999,4,30,3,0,0,0.105,170,24.89,5.92
1999,4,30,6,0,0,0.171,165,24.84,6.4
1999,4,30,9,0,0,0.264,168,24.86,6.69
1999,4,30,12,0,0,0.253,157,24.86,6.3
1999,4,30,15,0,0,0.197,151,24.88,5.92
1999,4,30,18,0,0,0.28,161,24.66,6.43
1999,4,30,21,0,0,0.305,161,24.52,6.89
1999,5,1,0,0,0,0.282,155,24.33,6.46
1999,5,1,3,0,0,0.175,147,23.9,5.93
1999,5,1,6,0,0,0.157,145,23.65,6.26
1999,5,1,9,0,0,0.189,157,23.59,6.66
1999,5,1,12,0,0,0.134,146,23.66,6.33
1999,5,1,15,0,0,0.143,142,23.64,5.91
1999,5,1,18,0,0,0.215,156,23.45,6.36
1999,5,1,21,0,0,0.34,161,23.36,6.9
1999,5,2,0,0,0,0.316,155,23.26,6.65
1999,5,2,3,0,0,0.215,146,23.15,6.04
1999,5,2,6,0,0,0.206,146,22.96,6.23
1999,5,2,9,0,0,0.246,155,22.87,6.68
1999,5,2,12,0,0,0.269,151,22.88,6.47
1999,5,2,15,0,0,0.221,151,23.39,NaN
1999,5,2,18,0,0,0.195,158,23.93,6.24
1999,5,2,21,0,0,0.25,163,23.95,6.82
1999,5,3,0,0,0,0.243,160,23.9,6.74
1999,5,3,3,0,0,0.148,137,23.8,6.12
1999,5,3,6,0,0,0.09,152,23.61,6.09
1999,5,3,9,0,0,0.109,150,23.51,6.54
1999,5,3,12,0,0,0.121,135,23.49,6.5
1999,5,3,15,0,0,0.106,146,23.9,6.02
1999,5,3,18,0,0,0.117,151,24.25,6.07
1999,5,3,21,0,0,0.179,158,24.27,6.66
1999,5,4,0,0,0,0.178,160,24.09,6.79
1999,5,4,3,0,0,0.069,120,24.03,6.19
1999,5,4,6,0,0,0.028,91,23.86,NaN
1999,5,4,9,0,0,0.022,35,23.77,6.4
1999,5,4,12,0,0,0.032,358,23.74,6.49
1999,5,4,15,0,0,0.014,128,23.83,6.03
1999,5,4,18,0,0,0.083,158,24.09,5.91
1999,5,4,21,0,0,0.049,131,24.32,6.46
1999,5,5,0,0,0,0.083,337,24.11,6.76
1999,5,5,3,0,0,0.126,344,24.27,6.26
1999,5,5,6,0,0,0.285,171,24.06,5.88
1999,5,5,9,0,0,0.179,148,23.97,6.2
1999,5,5,12,0,0,0.065,332,23.9,6.52
1999,5,5,15,0,0,0.083,336,23.98,6.05
1999,5,5,18,0,0,0.276,158,24.06,5.71
1999,5,5,21,0,0,0.155,149,24.1,6.23
1999,5,6,0,0,0,0.038,181,24.12,6.66
1999,5,6,3,0,0,0.033,310,24.01,6.34
1999,5,6,6,0,0,0.092,193,24.06,5.91
1999,5,6,9,0,0,0.164,149,24.06,6.03
1999,5,6,12,0,0,0.053,161,24.06,6.37
1999,5,6,15,0,0,0.061,345,24.07,6.2
1999,5,6,18,0,0,0.227,165,24.15,5.79
1999,5,6,21,0,0,0.063,137,24.36,6.02
1999,5,7,0,0,0,0.046,310,24.42,6.48
1999,5,7,3,0,0,0.08,343,24.39,6.39
1999,5,7,6,0,0,0.089,207,24.36,5.9
1999,5,7,9,0,0,0.226,150,24.45,5.87
1999,5,7,12,0,0,0.093,141,24.49,6.23
1999,5,7,15,0,0,0.039,337,24.56,6.25
1999,5,7,18,0,0,0.173,176,24.75,5.82
1999,5,7,21,0,0,0.205,157,24.93,5.78
1999,5,8,0,0,0,0.114,148,24.99,6.27
1999,5,8,3,0,0,0.087,150,24.94,6.45
1999,5,8,6,0,0,0.045,242,24.87,5.89
1999,5,8,9,0,0,0.202,152,24.91,5.66
1999,5,8,12,0,0,0.103,132,24.97,6.07
1999,5,8,15,0,0,0.046,54,25.04,6.26
1999,5,8,18,0,0,0.114,183,25.08,5.85
1999,5,8,21,0,0,0.121,162,25.25,5.67
1999,5,9,0,0,0,0.029,161,25.08,6.09
1999,5,9,3,0,0,0.05,116,24.96,6.46
1999,5,9,6,0,0,0.061,24,24.89,6.1
1999,5,9,9,0,0,0.049,135,25.09,5.66
1999,5,9,12,0,0,0.088,131,25.17,5.97
1999,5,9,15,0,0,0.043,149,25.25,6.36
1999,5,9,18,0,0,0.004,360,25.27,6.1
1999,5,9,21,0,0,0.033,107,25.17,5.65
1999,5,10,0,0,0,0.064,132,25.18,6.04
1999,5,10,3,0,0,0.111,136,25.11,6.53
1999,5,10,6,0,0,0.024,69,25.15,6.3
1999,5,10,9,0,0,0.082,158,25.14,5.73
1999,5,10,12,0,0,0.129,138,25.13,5.86
1999,5,10,15,0,0,0.075,157,25.22,6.38
1999,5,10,18,0,0,0.038,128,25.19,6.31
1999,5,10,21,0,0,0.037,123,25.2,5.77
1999,5,11,0,0,0,0.039,150,25.18,5.88
1999,5,11,3,0,0,0.076,152,25.05,6.42
1999,5,11,6,0,0,0.088,148,25,6.48
1999,5,11,9,0,0,0.052,66,24.82,5.85
1999,5,11,12,0,0,0.102,98,25.04,5.75
1999,5,11,15,0,0,0.096,125,25.6,6.32
1999,5,11,18,0,0,0.106,138,25.79,6.57
1999,5,11,21,0,0,0.036,125,25.74,NaN
1999,5,12,0,0,0,0.011,8,25.7,5.73
1999,5,12,3,0,0,0.028,117,25.08,6.28
1999,5,12,6,0,0,0.087,125,24.75,6.6
1999,5,12,9,0,0,0.084,123,24.74,6.04
1999,5,12,12,0,0,0.074,77,25.66,5.63
1999,5,12,15,0,0,0.043,126,25.85,6.23
1999,5,12,18,0,0,0.083,143,25.82,6.75
1999,5,12,21,0,0,0.034,87,25.63,6.28
1999,5,13,0,0,0,0.076,42,25.12,5.64
1999,5,13,3,0,0,0.057,41,25.02,6.04
1999,5,13,6,0,0,0.03,91,25.24,6.66
1999,5,13,9,0,0,0.096,59,24.56,6.24
1999,5,13,12,0,0,0.081,44,24.8,5.5
1999,5,13,15,0,0,0.082,70,25.01,5.94
1999,5,13,18,0,0,0.113,89,24.91,6.78
1999,5,13,21,0,0,0.097,86,24.47,6.54
1999,5,14,0,0,0,0.064,62,24.88,5.69
1999,5,14,3,0,0,0.076,78,24.46,5.77
1999,5,14,6,0,0,0.095,90,24.12,6.51
1999,5,14,9,0,0,0.09,73,24.19,6.42
1999,5,14,12,0,0,0.07,66,24.05,5.55
1999,5,14,15,0,0,0.074,107,24.11,5.6
1999,5,14,18,0,0,0.11,109,23.95,6.61
1999,5,14,21,0,0,0.126,121,23.85,6.72
1999,5,15,0,0,0,0.057,101,23.71,5.85
1999,5,15,3,0,0,0.058,112,23.64,5.54
1999,5,15,6,0,0,0.089,105,23.55,6.27
1999,5,15,9,0,0,0.154,140,23.6,6.58
1999,5,15,12,0,0,0.177,103,23.51,5.8
1999,5,15,15,0,0,0.16,131,24.51,5.52
1999,5,15,18,0,0,0.284,150,25.01,6.42
1999,5,15,21,0,0,0.343,155,25.2,7.04
1999,5,16,0,0,0,0.267,149,25.25,6.41
1999,5,16,3,0,0,0.159,135,25.27,5.66
1999,5,16,6,0,0,0.138,135,25.24,6.2
1999,5,16,9,0,0,0.197,141,25.06,6.77
1999,5,16,12,0,0,0.246,141,24.98,6.21
1999,5,16,15,0,0,0.19,140,25.17,5.51
1999,5,16,18,0,0,0.199,146,25.36,6.2
1999,5,16,21,0,0,0.323,158,25.32,7.05
1999,5,17,0,0,0,0.313,155,25.17,6.68
1999,5,17,3,0,0,0.186,144,24.98,5.78
1999,5,17,6,0,0,0.12,130,24.77,NaN
1999,5,17,9,0,0,0.225,156,24.64,6.73
1999,5,17,12,0,0,0.262,150,24.75,6.48
1999,5,17,15,0,0,0.22,146,24.88,5.71
1999,5,17,18,0,0,0.248,151,24.97,5.95
1999,5,17,21,0,0,0.348,159,24.98,6.89
1999,5,18,0,0,0,0.378,159,24.88,6.93
1999,5,18,3,0,0,0.201,151,24.72,6.08
1999,5,18,6,0,0,0.072,144,24.64,5.89
1999,5,18,9,0,0,0.12,149,24.6,6.51
1999,5,18,12,0,0,0.163,142,24.61,6.64
1999,5,18,15,0,0,0.153,141,24.99,5.93
1999,5,18,18,0,0,0.066,149,25.52,5.75
1999,5,18,21,0,0,0.145,171,25.48,6.6
1999,5,19,0,0,0,0.16,163,25.36,6.98
1999,5,19,3,0,0,0.099,151,25.34,6.32
1999,5,19,6,0,0,0.005,180,25.33,5.83
1999,5,19,9,0,0,0.038,338,25.23,6.26
1999,5,19,12,0,0,0.016,251,25.13,6.65
1999,5,19,15,0,0,0.068,33,24.84,6.17
1999,5,19,18,0,0,0.038,285,25.41,5.69
1999,5,19,21,0,0,0.042,339,25.91,6.25
1999,5,20,0,0,0,0.052,184,25.43,6.89
1999,5,20,3,0,0,0.043,192,25.02,6.52
1999,5,20,6,0,0,0.051,338,24.78,5.78
1999,5,20,9,0,0,0.075,351,24.74,5.93
1999,5,20,12,0,0,0.04,62,24.77,6.51
1999,5,20,15,0,0,0.037,82,25.16,6.36
1999,5,20,18,0,0,0.024,291,25.82,5.75
1999,5,20,21,0,0,0.009,250,25.81,5.95
1999,5,21,0,0,0,0.043,167,25.67,6.7
1999,5,21,3,0,0,0.117,160,25.4,6.63
1999,5,21,6,0,0,0.026,75,25.26,5.97
1999,5,21,9,0,0,0.058,2,25.42,5.84
1999,5,21,12,0,0,0.019,327,25.33,6.38
1999,5,21,15,0,0,0.023,63,25.3,6.52
1999,5,21,18,0,0,0.035,15,25.33,5.98
1999,5,21,21,0,0,0.02,53,25.72,5.84
1999,5,22,0,0,0,0.019,124,25.93,6.43
1999,5,22,3,0,0,0.02,182,25.52,6.66
1999,5,22,6,0,0,0.037,22,25.22,6.12
1999,5,22,9,0,0,0.044,64,25.27,5.76
1999,5,22,12,0,0,0.031,96,25.2,6.12
1999,5,22,15,0,0,0.03,75,25.17,6.51
1999,5,22,18,0,0,0.113,1,25.62,6.17
1999,5,22,21,0,0,0.024,145,25.96,5.75
1999,5,23,0,0,0,0.049,155,25.9,6.11
1999,5,23,3,0,0,0.037,151,25.31,6.6
1999,5,23,6,0,0,0.024,65,25.03,6.32
1999,5,23,9,0,0,0.032,14,25.03,5.73
1999,5,23,12,0,0,0.06,101,25.19,5.91
1999,5,23,15,0,0,0.042,161,25.7,6.46
1999,5,23,18,0,0,0.01,23,25.5,6.38
1999,5,23,21,0,0,0.013,295,25.39,5.84
1999,5,24,0,0,0,0.056,178,25.99,5.94
1999,5,24,3,0,0,0.021,168,25.43,6.46
1999,5,24,6,0,0,0.052,39,25.22,6.41
1999,5,24,9,0,0,0.056,221,25.22,5.8
1999,5,24,12,0,0,0.186,143,25.38,5.79
1999,5,24,15,0,0,0.085,140,25.64,6.36
1999,5,24,18,0,0,0.056,149,25.75,6.53
1999,5,24,21,0,0,0.009,62,25.8,NaN
1999,5,25,0,0,0,0.047,128,25.83,5.83
1999,5,25,3,0,0,0.025,147,25.83,6.26
1999,5,25,6,0,0,0.052,128,25.75,6.44
1999,5,25,9,0,0,0.023,45,25.78,5.94
1999,5,25,12,0,0,0.024,118,25.77,5.65
1999,5,25,15,0,0,0.047,119,26,6.19
1999,5,25,18,0,0,0.027,357,26.21,6.54
1999,5,25,21,0,0,0.12,338,26.33,6.11
1999,5,26,0,0,0,0.158,168,26.43,5.69
1999,5,26,3,0,0,0.114,143,26.42,6.04
1999,5,26,6,0,0,0.076,150,26.4,6.43
1999,5,26,9,0,0,0.028,46,26.31,6.07
1999,5,26,12,0,0,0.018,60,26.28,5.61
1999,5,26,15,0,0,0.02,206,26.51,6.01
1999,5,26,18,0,0,0.049,178,26.67,6.55
1999,5,26,21,0,0,0.038,330,26.56,6.3
1999,5,27,0,0,0,0.022,260,26.53,5.72
1999,5,27,3,0,0,0.064,160,26.49,5.89
1999,5,27,6,0,0,0.071,140,26.47,6.38
1999,5,27,9,0,0,0.032,94,26.46,6.2
1999,5,27,12,0,0,0.024,25,26.45,5.64
1999,5,27,15,0,0,0.042,133,26.89,5.93
1999,5,27,18,0,0,0.048,203,27.07,6.51
1999,5,27,21,0,0,0.047,186,26.77,6.47
1999,5,28,0,0,0,0.025,202,26.7,5.92
1999,5,28,3,0,0,0.028,219,26.7,5.88
1999,5,28,6,0,0,0.045,167,26.63,6.34
1999,5,28,9,0,0,0.063,171,26.6,6.33
1999,5,28,12,0,0,0.01,318,26.92,5.79
1999,5,28,15,0,0,0.044,312,27.12,5.83
1999,5,28,18,0,0,0.03,252,27.37,6.45
1999,5,28,21,0,0,0.033,231,27.35,6.61
1999,5,29,0,0,0,0.077,316,27.23,6.01
1999,5,29,3,0,0,0.067,190,27.18,5.8
1999,5,29,6,0,0,0.056,158,27.24,6.21
1999,5,29,9,0,0,0.023,156,27.19,6.38
1999,5,29,12,0,0,0.015,233,27.17,5.85
1999,5,29,15,0,0,0.06,147,27.31,5.68
1999,5,29,18,0,0,0.047,201,27.5,6.33
1999,5,29,21,0,0,0.074,184,27.58,6.64
1999,5,30,0,0,0,0.018,244,27.37,6.14
1999,5,30,3,0,0,0.042,224,27.32,5.69
1999,5,30,6,0,0,0.044,214,27.22,6.05
1999,5,30,9,0,0,0.051,312,27.06,6.35
1999,5,30,12,0,0,0.08,287,26.99,5.91
1999,5,30,15,0,0,0.091,184,27.32,5.61
1999,5,30,18,0,0,0.094,165,27.43,6.13
1999,5,30,21,0,0,0.114,172,27.38,6.62
1999,5,31,0,0,0,0.06,182,27.29,6.26
1999,5,31,3,0,0,0.039,215,27.23,5.73
1999,5,31,6,0,0,0.038,192,27.19,5.95
1999,5,31,9,0,0,0.064,350,27.17,6.39
1999,5,31,12,0,0,0.104,330,27.16,6.03
1999,5,31,15,0,0,0.174,177,27.46,5.61
1999,5,31,18,0,0,0.151,155,27.54,NaN
1999,5,31,21,0,0,0.069,163,27.54,6.6
1999,6,1,0,0,0,0.049,314,27.47,6.41
1999,6,1,3,0,0,0.17,221,27.36,5.74
1999,6,1,6,0,0,0.235,159,27.12,5.85
1999,6,1,9,0,0,0.129,160,26.86,6.32
1999,6,1,12,0,0,0.03,338,26.87,6.15
1999,6,1,15,0,0,0.112,196,27.16,5.67
1999,6,1,18,0,0,0.126,160,27.37,5.87
1999,6,1,21,0,0,0.072,165,27.31,6.49
1999,6,2,0,0,0,0.042,165,27.25,6.52
1999,6,2,3,0,0,0.112,265,27.15,5.85
1999,6,2,6,0,0,0.261,152,26.99,5.74
1999,6,2,9,0,0,0.167,155,26.74,6.2
1999,6,2,12,0,0,0.093,165,26.73,6.18
1999,6,2,15,0,0,0.123,168,26.88,5.69
1999,6,2,18,0,0,0.1,173,27,5.74
1999,6,2,21,0,0,0.084,180,27.34,6.32
1999,6,3,0,0,0,0.088,186,27.37,6.53
1999,6,3,3,0,0,0.048,212,27.24,5.94
1999,6,3,6,0,0,0.069,193,27.2,5.69
1999,6,3,9,0,0,0.062,184,27.14,6.03
1999,6,3,12,0,0,0.067,169,27.18,6.21
1999,6,3,15,0,0,0.044,204,27.27,5.82
1999,6,3,18,0,0,0.064,214,27.34,5.61
1999,6,3,21,0,0,0.071,204,27.47,6.08
1999,6,4,0,0,0,0.076,197,27.42,NaN
1999,6,4,3,0,0,0.035,290,27.24,6.01
1999,6,4,6,0,0,0.084,191,27.32,5.59
1999,6,4,9,0,0,0.085,176,27.27,5.88
1999,6,4,12,0,0,0.08,169,27.24,6.21
1999,6,4,15,0,0,0.057,182,27.28,5.94
1999,6,4,18,0,0,0.091,175,27.31,5.61
1999,6,4,21,0,0,0.095,189,27.14,5.97
1999,6,5,0,0,0,0.096,182,27.02,6.46
1999,6,5,3,0,0,0.084,180,26.93,6.21
1999,6,5,6,0,0,0.056,199,26.92,5.65
1999,6,5,9,0,0,0.056,197,26.91,5.79
1999,6,5,12,0,0,0.113,179,26.97,6.21
1999,6,5,15,0,0,0.111,152,27.09,6.16
1999,6,5,18,0,0,0.03,226,27.53,5.74
1999,6,5,21,0,0,0.066,195,27.69,5.85
1999,6,6,0,0,0,0.088,182,27.51,6.42
1999,6,6,3,0,0,0.073,187,27.37,6.44
1999,6,6,6,0,0,0.048,204,27.31,5.84
1999,6,6,9,0,0,0.021,201,27.19,5.77
1999,6,6,12,0,0,0.072,176,27.21,6.24
1999,6,6,15,0,0,0.081,178,27.37,6.35
1999,6,6,18,0,0,0.05,193,27.55,5.92
1999,6,6,21,0,0,0.032,227,27.61,5.82
1999,6,7,0,0,0,0.057,212,27.53,6.37
1999,6,7,3,0,0,0.058,191,27.46,6.57
1999,6,7,6,0,0,0.03,321,27.41,6.04
1999,6,7,9,0,0,0.07,189,27.33,5.71
1999,6,7,12,0,0,0.094,169,27.25,6.14
1999,6,7,15,0,0,0.106,169,27.12,6.49
1999,6,7,18,0,0,0.017,164,27.1,6.11
1999,6,7,21,0,0,0.09,170,27.07,5.77
1999,6,8,0,0,0,0.128,155,27.02,6.13
1999,6,8,3,0,0,0.167,160,27,6.57
1999,6,8,6,0,0,0.076,175,26.89,6.22
1999,6,8,9,0,0,0.022,265,26.87,5.69
1999,6,8,12,0,0,0.039,226,26.87,5.94
1999,6,8,15,0,0,0.07,186,26.85,6.54
1999,6,8,18,0,0,0.067,183,26.84,6.35
1999,6,8,21,0,0,0.044,200,26.84,5.78
1999,6,9,0,0,0,0.027,231,26.81,5.91
1999,6,9,3,0,0,0.077,179,26.77,6.5
1999,6,9,6,0,0,0.078,160,26.72,6.4
1999,6,9,9,0,0,0.032,229,26.63,5.72
1999,6,9,12,0,0,0.029,239,26.61,5.73
1999,6,9,15,0,0,0.058,188,26.68,6.42
1999,6,9,18,0,0,0.059,175,26.77,6.55
1999,6,9,21,0,0,0.047,192,26.74,5.86
1999,6,10,0,0,0,0.092,177,26.8,5.71
1999,6,10,3,0,0,0.076,182,26.81,6.24
1999,6,10,6,0,0,0.094,188,26.86,6.44
1999,6,10,9,0,0,0.045,200,26.6,5.72
1999,6,10,12,0,0,0.043,181,26.52,5.47
1999,6,10,15,0,0,0.094,170,26.56,6.2
1999,6,10,18,0,0,0.092,177,26.61,6.62
1999,6,10,21,0,0,0.041,188,26.53,6.06
1999,6,11,0,0,0,0.057,195,26.5,5.56
1999,6,11,3,0,0,0.069,185,26.47,5.95
1999,6,11,6,0,0,0.076,161,26.51,6.48
1999,6,11,9,0,0,0.037,186,26.5,5.96
1999,6,11,12,0,0,0.049,209,26.5,5.3
1999,6,11,15,0,0,0.068,202,26.54,5.91
1999,6,11,18,0,0,0.096,179,26.82,6.68
1999,6,11,21,0,0,0.087,178,26.53,6.39
1999,6,12,0,0,0,0.053,196,26.45,5.59
1999,6,12,3,0,0,0.044,195,26.44,5.82
1999,6,12,6,0,0,0.073,174,26.43,6.49
1999,6,12,9,0,0,0.075,157,26.41,6.27
1999,6,12,12,0,0,0.054,181,26.44,5.48
1999,6,12,15,0,0,0.05,204,26.82,5.77
1999,6,12,18,0,0,0.073,193,27.04,6.67
1999,6,12,21,0,0,0.091,181,27.02,6.72
1999,6,13,0,0,0,0.053,184,26.97,5.83
1999,6,13,3,0,0,0.027,233,26.95,5.68
1999,6,13,6,0,0,0.066,187,26.91,6.37
1999,6,13,9,0,0,0.09,167,26.85,6.51
1999,6,13,12,0,0,0.042,170,26.83,5.67
1999,6,13,15,0,0,0.04,249,27.01,5.52
1999,6,13,18,0,0,0.052,201,27.17,6.45
1999,6,13,21,0,0,0.04,196,27.18,6.91
1999,6,14,0,0,0,0.045,318,27.14,6.17
1999,6,14,3,0,0,0.128,172,26.99,5.52
1999,6,14,6,0,0,0.105,160,26.95,6.07
1999,6,14,9,0,0,0.083,164,26.88,6.55
1999,6,14,12,0,0,0.05,184,26.93,5.92
1999,6,14,15,0,0,0.045,185,27.07,5.39
1999,6,14,18,0,0,0.093,169,27.12,6.14
1999,6,14,21,0,0,0.142,168,27.09,6.93
1999,6,15,0,0,0,0.083,165,27.08,6.45
1999,6,15,3,0,0,0.042,201,27.18,5.56
1999,6,15,6,0,0,0.048,192,27.07,5.86
1999,6,15,9,0,0,0.054,184,26.98,6.52
1999,6,15,12,0,0,0.025,203,27.05,6.21
1999,6,15,15,0,0,0.086,168,27.2,5.46
1999,6,15,18,0,0,0.096,175,27.63,5.82
1999,6,15,21,0,0,0.096,176,27.36,6.71
1999,6,16,0,0,0,0.102,176,27.24,6.58
1999,6,16,3,0,0,0.051,186,27.22,5.75
1999,6,16,6,0,0,0.041,194,27.24,5.64
1999,6,16,9,0,0,0.057,187,27.21,6.32
1999,6,16,12,0,0,0.046,177,27.23,6.37
1999,6,16,15,0,0,0.066,182,27.32,5.62
1999,6,16,18,0,0,0.088,175,27.38,5.56
1999,6,16,21,0,0,0.096,168,27.37,6.4
1999,6,17,0,0,0,0.099,164,27.41,6.68
1999,6,17,3,0,0,0.039,172,27.44,5.98
1999,6,17,6,0,0,0.047,182,27.38,5.53
1999,6,17,9,0,0,0.051,172,27.37,6.06
1999,6,17,12,0,0,0.075,167,27.38,6.42
1999,6,17,15,0,0,0.038,184,27.46,5.94
1999,6,17,18,0,0,0.051,188,27.57,5.45
1999,6,17,21,0,0,0.066,183,27.48,6.12
1999,6,18,0,0,0,0.083,167,27.44,6.67
1999,6,18,3,0,0,0.054,172,27.4,6.2
1999,6,18,6,0,0,0.037,180,27.36,5.56
1999,6,18,9,0,0,0.056,171,27.32,5.89
1999,6,18,12,0,0,0.085,165,27.31,6.49
1999,6,18,15,0,0,0.087,165,27.59,6.24
1999,6,18,18,0,0,0.062,184,27.8,5.69
1999,6,18,21,0,0,0.079,185,27.74,5.95
1999,6,19,0,0,0,0.113,173,27.6,6.65
1999,6,19,3,0,0,0.14,167,27.5,6.52
1999,6,19,6,0,0,0.053,152,27.42,5.91
1999,6,19,9,0,0,0.036,154,27.32,5.93
1999,6,19,12,0,0,0.063,175,27.35,6.52
1999,6,19,15,0,0,0.09,175,27.35,6.56
1999,6,19,18,0,0,0.047,182,27.25,5.97
1999,6,19,21,0,0,0.036,185,27.28,5.92
1999,6,20,0,0,0,0.042,187,27.34,6.63
1999,6,20,3,0,0,0.041,190,27.31,6.59
1999,6,20,6,0,0,0.028,201,27.24,5.94
1999,6,20,9,0,0,0.029,189,27.21,5.89
1999,6,20,12,0,0,0.047,194,27.21,6.41
1999,6,20,15,0,0,0.069,179,27.21,6.57
1999,6,20,18,0,0,0.058,168,27.15,6.08
1999,6,20,21,0,0,0.023,209,27.53,5.96
1999,6,21,0,0,0,0.038,199,27.59,6.47
1999,6,21,3,0,0,0.068,183,27.47,6.62
1999,6,21,6,0,0,0.023,200,27.27,6.1
1999,6,21,9,0,0,0.022,260,27.12,5.77
1999,6,21,12,0,0,0.023,229,27.19,6.23
1999,6,21,15,0,0,0.045,195,27.22,6.59
1999,6,21,18,0,0,0.059,151,27.22,6.26
1999,6,21,21,0,0,0.065,160,27.91,5.9
1999,6,22,0,0,0,0.062,183,27.38,6.23
1999,6,22,3,0,0,0.075,168,27.17,6.55
1999,6,22,6,0,0,0.048,154,27.05,6.24
1999,6,22,9,0,0,0.057,162,27.27,5.78
1999,6,22,12,0,0,0.045,151,27.64,6.07
1999,6,22,15,0,0,0.097,164,28.03,6.58
1999,6,22,18,0,0,0.102,166,28.46,6.44
1999,6,22,21,0,0,0.053,178,28.39,5.91
1999,6,23,0,0,0,0.04,193,28.33,6.09
1999,6,23,3,0,0,0.047,188,28.14,6.5
1999,6,23,6,0,0,0.045,177,28.11,6.37
1999,6,23,9,0,0,0.037,160,28,5.84
1999,6,23,12,0,0,0.024,153,28.06,5.94
1999,6,23,15,0,0,0.09,164,28.34,6.51
1999,6,23,18,0,0,0.136,165,28.57,6.57
1999,6,23,21,0,0,0.087,170,28.57,6.09
1999,6,24,0,0,0,0.049,189,28.52,5.98
1999,6,24,3,0,0,0.049,197,28.44,6.31
1999,6,24,6,0,0,0.049,186,28.29,6.49
1999,6,24,9,0,0,0.016,265,28.2,6.03
1999,6,24,12,0,0,0.006,354,28.2,5.75
1999,6,24,15,0,0,0.025,222,28.3,6.23
1999,6,24,18,0,0,0.055,167,28.25,6.66
1999,6,24,21,0,0,0.03,155,28.27,6.32
1999,6,25,0,0,0,0.046,182,28.32,5.86
1999,6,25,3,0,0,0.031,213,28.3,6.15
1999,6,25,6,0,0,0.03,205,28.23,6.46
1999,6,25,9,0,0,0.014,338,28.12,6.15
1999,6,25,12,0,0,0.019,209,28.08,5.71
1999,6,25,15,0,0,0.025,248,28.06,6.05
1999,6,25,18,0,0,0.06,177,27.85,6.62
1999,6,25,21,0,0,0.047,165,27.85,6.38
1999,6,26,0,0,0,0.039,168,27.96,5.83
1999,6,26,3,0,0,0.021,215,27.93,5.95
1999,6,26,6,0,0,0.033,201,27.87,6.34
1999,6,26,9,0,0,0.008,103,27.83,6.17
1999,6,26,12,0,0,0.028,211,27.84,5.65
1999,6,26,15,0,0,0.049,208,27.87,5.86
1999,6,26,18,0,0,0.065,163,27.69,6.48
1999,6,26,21,0,0,0.071,154,27.69,6.47
1999,6,27,0,0,0,0.048,141,27.66,5.88
1999,6,27,3,0,0,0.029,199,27.7,5.81
1999,6,27,6,0,0,0.051,176,27.63,6.24
1999,6,27,9,0,0,0.051,163,27.65,6.25
1999,6,27,12,0,0,0.045,187,27.65,5.72
1999,6,27,15,0,0,0.054,162,27.75,5.71
1999,6,27,18,0,0,0.035,205,27.94,6.34
1999,6,27,21,0,0,0.086,174,27.73,6.49
1999,6,28,0,0,0,0.059,155,27.75,6.01
1999,6,28,3,0,0,0.042,181,27.81,5.68
1999,6,28,6,0,0,0.035,155,27.78,6.1
1999,6,28,9,0,0,0.042,149,27.77,6.27
1999,6,28,12,0,0,0.048,163,27.84,5.8
1999,6,28,15,0,0,0.028,203,28,5.59
1999,6,28,18,0,0,0.049,193,28,6.16
1999,6,28,21,0,0,0.065,177,27.96,6.53
1999,6,29,0,0,0,0.034,168,27.91,6.15
1999,6,29,3,0,0,0.04,186,27.88,5.66
1999,6,29,6,0,0,0.025,155,27.85,5.96
1999,6,29,9,0,0,0.029,167,27.84,6.29
1999,6,29,12,0,0,0.059,195,27.84,5.87
1999,6,29,15,0,0,0.059,195,27.87,5.47
1999,6,29,18,0,0,0.048,188,27.86,5.96
1999,6,29,21,0,0,0.018,189,27.92,6.53
1999,6,30,0,0,0,0.011,93,28.03,6.16
1999,6,30,3,0,0,0.058,209,28.07,5.56
1999,6,30,6,0,0,0.054,215,28.08,5.75
1999,6,30,9,0,0,NaN,NaN,28.09,6.15
1999,6,30,12,0,0,0.035,249,NaN,5.92
1999,6,30,15,0,0,0.043,259,27.9,5.43
1999,6,30,18,0,0,0.061,228,27.94,5.73
1999,6,30,21,0,0,0.078,208,27.86,6.42
1999,7,1,0,0,0,0.092,182,27.83,6.24
1999,7,1,3,0,0,0.06,205,27.79,5.59
1999,7,1,6,0,0,0.093,199,27.72,5.63
1999,7,1,9,0,0,0.065,208,27.67,6.12
1999,7,1,12,0,0,0.047,176,27.69,6.04
1999,7,1,15,0,0,0.084,178,27.73,5.53
1999,7,1,18,0,0,0.082,222,27.8,5.61
1999,7,1,21,0,0,0.109,189,27.73,6.29
1999,7,2,0,0,0,0.112,159,27.71,6.35
1999,7,2,3,0,0,0.067,157,27.59,5.74
1999,7,2,6,0,0,0.064,206,27.49,5.59
1999,7,2,9,0,0,0.053,252,27.45,6.07
1999,7,2,12,0,0,0.058,178,27.22,6.19
1999,7,2,15,0,0,0.091,159,27.05,5.65
1999,7,2,18,0,0,0.108,202,27.24,5.56
1999,7,2,21,0,0,0.083,191,26.84,6.2
1999,7,3,0,0,0,0.213,177,26.57,6.45
1999,7,3,3,0,0,0.132,173,27.04,5.96
1999,7,3,6,0,0,0.052,184,27.05,5.59
1999,7,3,9,0,0,0.085,182,26.29,6.02
1999,7,3,12,0,0,0.157,161,26.07,6.29
1999,7,3,15,0,0,0.165,162,26.38,5.93
1999,7,3,18,0,0,0.16,176,26.61,5.64
1999,7,3,21,0,0,0.12,182,26.3,6.08
1999,7,4,0,0,0,0.121,173,26.29,6.54
1999,7,4,3,0,0,0.076,169,26.55,6.19
1999,7,4,6,0,0,0.074,184,26.78,5.59
1999,7,4,9,0,0,0.053,246,26.62,5.85
1999,7,4,12,0,0,0.023,197,25.45,6.32
1999,7,4,15,0,0,0.128,163,25.52,6.12
1999,7,4,18,0,0,0.137,183,26.04,5.65
1999,7,4,21,0,0,0.111,177,25.37,5.86
1999,7,5,0,0,0,0.155,168,25.4,6.45
1999,7,5,3,0,0,0.155,162,25.5,6.3
1999,7,5,6,0,0,0.055,180,26.24,5.66
1999,7,5,9,0,0,0.051,180,26.41,5.74
1999,7,5,12,0,0,0.041,186,26.09,6.3
1999,7,5,15,0,0,0.08,205,25.79,6.3
1999,7,5,18,0,0,0.029,201,26.11,5.79
1999,7,5,21,0,0,0.069,169,26.75,5.77
1999,7,6,0,0,0,0.121,184,26.65,6.36
1999,7,6,3,0,0,0.117,161,25.98,6.46
1999,7,6,6,0,0,0.046,225,26.74,5.84
1999,7,6,9,0,0,0.084,207,26.18,5.6
1999,7,6,12,0,0,0.095,201,26.07,6.15
1999,7,6,15,0,0,0.111,177,26.12,6.46
1999,7,6,18,0,0,0.094,194,26.11,6.01
1999,7,6,21,0,0,0.095,174,26.42,5.66
1999,7,7,0,0,0,0.115,190,26.24,6.13
1999,7,7,3,0,0,0.116,174,25.87,6.42
1999,7,7,6,0,0,0.062,194,25.61,5.92
1999,7,7,9,0,0,0.05,188,25.36,5.46
1999,7,7,12,0,0,0.068,168,25.56,5.95
1999,7,7,15,0,0,0.085,198,25.55,6.48
1999,7,7,18,0,0,0.194,170,25.19,6.2
1999,7,7,21,0,0,0.112,190,25.78,5.61
1999,7,8,0,0,0,0.082,206,25.39,5.84
1999,7,8,3,0,0,0.044,220,24.84,6.34
1999,7,8,6,0,0,0.043,206,24.46,6.08
1999,7,8,9,0,0,0.051,235,24.3,5.44
1999,7,8,12,0,0,0.048,232,24.16,5.67
1999,7,8,15,0,0,0.063,179,24.01,6.44
1999,7,8,18,0,0,0.117,179,24.15,6.42
1999,7,8,21,0,0,0.076,210,24.39,5.69
1999,7,9,0,0,0,0.064,228,24.36,5.58
1999,7,9,3,0,0,0.056,255,24.18,6.18
1999,7,9,6,0,0,0.037,252,23.99,6.24
1999,7,9,9,0,0,0.05,255,23.99,5.54
1999,7,9,12,0,0,0.098,223,23.27,5.39
1999,7,9,15,0,0,0.074,219,22.87,6.2
1999,7,9,18,0,0,0.098,165,22.52,6.61
1999,7,9,21,0,0,0.072,159,22.82,5.98
1999,7,10,0,0,0,0.052,182,23.32,5.56
1999,7,10,3,0,0,0.074,186,24.08,6.04
1999,7,10,6,0,0,0.076,188,22.93,6.35
1999,7,10,9,0,0,0.095,181,23.87,5.82
1999,7,10,12,0,0,0.062,209,24.04,5.32
1999,7,10,15,0,0,0.061,202,22.92,5.99
1999,7,10,18,0,0,0.172,184,23.5,6.67
1999,7,10,21,0,0,0.157,177,23.84,6.27
1999,7,11,0,0,0,0.09,194,24.02,5.46
1999,7,11,3,0,0,0.078,233,24.07,5.76
1999,7,11,6,0,0,0.093,180,22.89,6.36
1999,7,11,9,0,0,0.083,185,23.52,6.06
1999,7,11,12,0,0,0.095,179,23.73,5.27
1999,7,11,15,0,0,0.095,202,23.82,5.65
1999,7,11,18,0,0,0.173,165,22.84,6.59
1999,7,11,21,0,0,0.168,157,23.3,6.52
1999,7,12,0,0,0,0.094,186,23.91,5.6
1999,7,12,3,0,0,0.041,233,23.79,5.62
1999,7,12,6,0,0,0.04,179,23.26,6.25
1999,7,12,9,0,0,0.107,175,23.15,6.29
1999,7,12,12,0,0,0.087,193,23.92,5.48
1999,7,12,15,0,0,0.084,192,23.68,5.46
1999,7,12,18,0,0,0.071,172,23.47,6.43
1999,7,12,21,0,0,0.143,178,23.66,6.78
1999,7,13,0,0,0,0.094,174,23.69,5.98
1999,7,13,3,0,0,0.08,189,23.99,5.5
1999,7,13,6,0,0,0.112,180,23.86,6.1
1999,7,13,9,0,0,0.1,168,23.66,6.48
1999,7,13,12,0,0,0.038,171,24.2,5.84
1999,7,13,15,0,0,0.053,232,24.41,NaN
1999,7,13,18,0,0,0.076,193,23.92,6.18
1999,7,13,21,0,0,0.124,163,24.01,6.85
1999,7,14,0,0,0,0.097,172,23.88,6.31
1999,7,14,3,0,0,0.049,213,23.78,5.53
1999,7,14,6,0,0,0.069,213,23.54,5.91
1999,7,14,9,0,0,0.069,165,23.41,6.54
1999,7,14,12,0,0,0.032,216,23.43,6.13
1999,7,14,15,0,0,0.085,195,23.39,5.45
1999,7,14,18,0,0,0.082,202,23.49,5.87
1999,7,14,21,0,0,0.133,176,23.29,6.72
1999,7,15,0,0,0,0.123,174,23.17,6.47
1999,7,15,3,0,0,0.061,211,23.08,5.65
1999,7,15,6,0,0,0.078,195,22.97,5.75
1999,7,15,9,0,0,0.08,212,23.32,6.42
1999,7,15,12,0,0,0.066,166,23.08,6.36
1999,7,15,15,0,0,0.014,212,23.18,5.62
1999,7,15,18,0,0,0.076,216,23.33,5.68
1999,7,15,21,0,0,0.083,161,23.28,6.54
1999,7,16,0,0,0,0.096,187,23.36,6.68
1999,7,16,3,0,0,0.072,206,23.02,5.87
1999,7,16,6,0,0,0.063,194,22.95,5.62
1999,7,16,9,0,0,0.069,217,23,6.22
1999,7,16,12,0,0,0.069,208,22.81,6.48
1999,7,16,15,0,0,0.03,252,22.84,5.91
1999,7,16,18,0,0,0.067,173,23.05,5.67
1999,7,16,21,0,0,0.051,232,23.31,6.3
1999,7,17,0,0,0,0.124,171,23.9,6.73
1999,7,17,3,0,0,0.034,203,24.3,6.16
1999,7,17,6,0,0,0.051,227,23.97,5.64
1999,7,17,9,0,0,0.05,246,23.33,6.06
1999,7,17,12,0,0,0.128,182,23.42,6.53
1999,7,17,15,0,0,0.125,185,24.65,6.18
1999,7,17,18,0,0,0.134,178,26.19,5.7
1999,7,17,21,0,0,0.167,186,26.47,6.05
1999,7,18,0,0,0,0.156,174,25.8,6.59
1999,7,18,3,0,0,0.111,175,25.5,6.31
1999,7,18,6,0,0,0.079,208,25.87,5.64
1999,7,18,9,0,0,0.071,210,25.02,5.85
1999,7,18,12,0,0,0.088,190,25.13,6.43
1999,7,18,15,0,0,0.144,176,25.22,6.29
1999,7,18,18,0,0,0.121,178,25.87,5.74
1999,7,18,21,0,0,0.109,202,26.16,5.88
1999,7,19,0,0,0,0.098,196,25.62,6.43
1999,7,19,3,0,0,0.094,188,24.22,6.33
1999,7,19,6,0,0,0.132,183,25.24,5.74
1999,7,19,9,0,0,0.098,206,25.55,5.65
1999,7,19,12,0,0,0.115,194,25.42,6.21
1999,7,19,15,0,0,0.118,184,25.43,6.38
1999,7,19,18,0,0,0.085,209,25.79,5.9
1999,7,19,21,0,0,0.091,203,25.87,5.76
1999,7,20,0,0,0,0.098,203,26.14,6.21
1999,7,20,3,0,0,0.076,220,24.96,6.34
1999,7,20,6,0,0,0.049,228,24.55,5.86
1999,7,20,9,0,0,0.064,220,24.87,5.6
1999,7,20,12,0,0,0.064,229,24.36,6.05
1999,7,20,15,0,0,0.09,182,24.38,6.41
1999,7,20,18,0,0,0.113,169,24.58,6.08
1999,7,20,21,0,0,0.05,261,24.85,5.71
1999,7,21,0,0,0,0.062,253,24.41,6.01
1999,7,21,3,0,0,0.051,227,24.16,6.29
1999,7,21,6,0,0,0.051,260,23.7,5.97
1999,7,21,9,0,0,0.08,207,24.07,5.57
1999,7,21,12,0,0,0.049,195,23.45,5.84
1999,7,21,15,0,0,0.085,212,23.44,6.34
1999,7,21,18,0,0,0.062,173,23.46,6.24
1999,7,21,21,0,0,0.088,191,24.35,5.76
1999,7,22,0,0,0,0.091,201,24.25,5.89
1999,7,22,3,0,0,0.078,206,23.77,6.24
1999,7,22,6,0,0,0.076,187,23.52,6.13
1999,7,22,9,0,0,0.071,203,23.99,5.64
1999,7,22,12,0,0,0.03,198,24.08,5.74
1999,7,22,15,0,0,0.084,211,24.42,6.33
1999,7,22,18,0,0,0.152,186,24.13,6.4
1999,7,22,21,0,0,0.077,199,24.83,5.87
1999,7,23,0,0,0,0.057,214,24.5,5.81
1999,7,23,3,0,0,0.075,241,24.34,6.17
1999,7,23,6,0,0,0.059,222,24.14,6.2
1999,7,23,9,0,0,0.065,260,24.14,5.77
1999,7,23,12,0,0,0.049,248,24.25,5.7
1999,7,23,15,0,0,0.103,243,24.49,6.27
1999,7,23,18,0,0,0.082,201,24.6,6.54
1999,7,23,21,0,0,0.07,214,24.8,6.06
1999,7,24,0,0,0,0.09,230,24.34,5.76
1999,7,24,3,0,0,0.072,221,24.04,6.06
1999,7,24,6,0,0,0.068,207,23.95,6.27
1999,7,24,9,0,0,0.04,209,23.97,5.88
1999,7,24,12,0,0,0.055,241,24.16,5.58
1999,7,24,15,0,0,0.096,246,24.2,6.08
1999,7,24,18,0,0,0.087,214,24.14,6.51
1999,7,24,21,0,0,0.06,206,24.07,6.21
1999,7,25,0,0,0,0.079,240,24.06,5.72
1999,7,25,3,0,0,0.069,250,23.92,5.94
1999,7,25,6,0,0,0.072,269,23.83,6.27
1999,7,25,9,0,0,0.039,293,23.74,6.03
1999,7,25,12,0,0,0.067,234,24.03,5.57
1999,7,25,15,0,0,0.086,230,24.32,5.93
1999,7,25,18,0,0,0.086,195,23.88,6.52
1999,7,25,21,0,0,0.072,236,23.97,6.34
1999,7,26,0,0,0,0.076,239,23.87,5.78
1999,7,26,3,0,0,0.078,228,23.76,5.8
1999,7,26,6,0,0,0.079,219,23.75,6.23
1999,7,26,9,0,0,0.053,251,23.78,6.14
1999,7,26,12,0,0,0.062,225,23.83,5.62
1999,7,26,15,0,0,0.071,219,23.94,5.79
1999,7,26,18,0,0,0.051,122,23.98,6.46
1999,7,26,21,0,0,0.112,201,24.22,6.5
1999,7,27,0,0,0,0.065,222,24.05,5.89
1999,7,27,3,0,0,0.075,260,24.06,5.76
1999,7,27,6,0,0,0.054,248,24.01,6.21
1999,7,27,9,0,0,0.077,269,24.03,6.27
1999,7,27,12,0,0,0.016,259,24.03,5.69
1999,7,27,15,0,0,0.102,236,24.63,5.64
1999,7,27,18,0,0,0.054,205,24.27,6.3
1999,7,27,21,0,0,0.096,203,24.26,6.62
1999,7,28,0,0,0,0.043,227,24.18,5.99
1999,7,28,3,0,0,0.062,255,24.34,5.65
1999,7,28,6,0,0,0.043,212,24.32,6.12
1999,7,28,9,0,0,0.065,232,24.31,6.38
1999,7,28,12,0,0,0.051,290,24.35,5.86
1999,7,28,15,0,0,0.089,262,24.71,5.58
1999,7,28,18,0,0,0.061,262,24.71,6.19
1999,7,28,21,0,0,0.059,201,24.45,6.72
1999,7,29,0,0,0,0.039,232,24.52,6.17
1999,7,29,3,0,0,0.052,259,24.63,5.64
1999,7,29,6,0,0,0.06,276,24.68,6.04
1999,7,29,9,0,0,0.036,251,24.58,6.43
1999,7,29,12,0,0,0.056,325,24.6,6.07
1999,7,29,15,0,0,0.1,318,25,5.59
1999,7,29,18,0,0,0.033,269,25.24,6.04
1999,7,29,21,0,0,0.045,313,25.94,6.68
1999,7,30,0,0,0,0.054,291,24.77,6.35
1999,7,30,3,0,0,0.091,311,24.69,5.68
1999,7,30,6,0,0,0.087,309,24.65,5.9
1999,7,30,9,0,0,0.094,294,24.77,6.43
1999,7,30,12,0,0,0.095,319,24.79,6.23
1999,7,30,15,0,0,0.042,330,24.88,5.64
1999,7,30,18,0,0,0.072,287,24.99,5.83
1999,7,30,21,0,0,0.035,292,24.73,6.59
1999,7,31,0,0,0,0.054,272,24.66,6.49
1999,7,31,3,0,0,0.095,313,24.64,5.75
1999,7,31,6,0,0,0.087,305,24.54,5.73
1999,7,31,9,0,0,0.047,298,24.48,6.32
1999,7,31,12,0,0,0.044,333,24.54,6.35
1999,7,31,15,0,0,0.12,321,24.74,5.75
1999,7,31,18,0,0,0.106,315,24.84,5.68
1999,7,31,21,0,0,0.058,300,24.75,6.4
1999,8,1,0,0,0,0.041,263,24.67,6.55
1999,8,1,3,0,0,0.07,312,24.64,5.87
1999,8,1,6,0,0,0.093,303,24.63,5.59
1999,8,1,9,0,0,0.106,311,24.61,6.21
1999,8,1,12,0,0,0.091,318,24.59,6.48
1999,8,1,15,0,0,0.115,342,24.66,5.93
1999,8,1,18,0,0,0.103,315,25.26,5.66
1999,8,1,21,0,0,0.093,319,25.05,6.2
1999,8,2,0,0,0,0.043,261,24.68,6.63
1999,8,2,3,0,0,0.046,321,24.58,6.08
1999,8,2,6,0,0,0.104,321,24.67,5.61
1999,8,2,9,0,0,0.07,316,24.76,6.08
1999,8,2,12,0,0,0.008,59,24.84,6.56
1999,8,2,15,0,0,0.06,303,25.16,6.24
1999,8,2,18,0,0,0.122,316,26.23,5.72
1999,8,2,21,0,0,0.125,317,25.53,6.03
1999,8,3,0,0,0,0.093,309,25.17,6.69
1999,8,3,3,0,0,0.164,325,25.04,6.06
1999,8,3,6,0,0,0.107,319,25.03,5.6
1999,8,3,9,0,0,0.119,322,25.2,5.88
1999,8,3,12,0,0,0.045,144,25.65,6.55
1999,8,3,15,0,0,0.092,168,26.67,6.49
1999,8,3,18,0,0,0.043,207,27.37,5.88
1999,8,3,21,0,0,0.059,287,27.74,5.95
1999,8,4,0,0,0,0.095,242,27.83,6.56
1999,8,4,3,0,0,0.051,244,26.87,6.51
1999,8,4,6,0,0,0.082,283,27.36,5.83
1999,8,4,9,0,0,0.104,311,27.72,5.79
1999,8,4,12,0,0,0.049,196,27.76,6.49
1999,8,4,15,0,0,0.069,205,28.31,6.71
1999,8,4,18,0,0,0.089,285,28.69,6.1
1999,8,4,21,0,0,0.137,298,28.65,5.86
1999,8,5,0,0,0,0.14,300,28.21,6.32
1999,8,5,3,0,0,0.147,285,27.61,6.59
1999,8,5,6,0,0,0.129,309,27.3,6.03
1999,8,5,9,0,0,0.13,290,27.45,5.67
1999,8,5,12,0,0,0.108,270,27.44,6.26
1999,8,5,15,0,0,0.117,247,27.55,6.75
1999,8,5,18,0,0,0.147,253,27.7,6.34
1999,8,5,21,0,0,0.141,282,27.75,5.81
1999,8,6,0,0,0,0.163,283,27.72,6.1
1999,8,6,3,0,0,0.164,283,27.7,6.54
1999,8,6,6,0,0,0.184,289,27.56,6.21
1999,8,6,9,0,0,0.146,252,27.43,5.55
1999,8,6,12,0,0,0.18,259,27.35,5.92
1999,8,6,15,0,0,0.164,255,26.86,6.65
1999,8,6,18,0,0,0.127,254,26.62,6.58
1999,8,6,21,0,0,0.189,287,26.41,5.83
1999,8,7,0,0,0,0.154,264,26.29,5.82
1999,8,7,3,0,0,0.163,275,26.25,6.42
1999,8,7,6,0,0,0.152,256,26.02,6.39
1999,8,7,9,0,0,0.149,253,26.08,5.64
1999,8,7,12,0,0,0.139,263,25.94,5.67
1999,8,7,15,0,0,0.155,246,25.88,6.45
1999,8,7,18,0,0,0.138,227,25.86,6.77
1999,8,7,21,0,0,0.161,254,25.76,6.06
1999,8,8,0,0,0,0.169,269,25.67,5.69
1999,8,8,3,0,0,0.174,273,25.49,6.2
1999,8,8,6,0,0,0.17,265,25.42,6.45
1999,8,8,9,0,0,0.171,273,25.37,5.89
1999,8,8,12,0,0,0.149,274,25.32,5.44
1999,8,8,15,0,0,0.17,266,25.42,6.17
1999,8,8,18,0,0,0.159,244,25.39,6.77
1999,8,8,21,0,0,0.113,232,25.34,6.3
1999,8,9,0,0,0,0.186,274,25.38,5.52
1999,8,9,3,0,0,0.173,277,25.32,5.9
1999,8,9,6,0,0,0.192,275,25.26,6.47
1999,8,9,9,0,0,0.162,282,25.18,6.14
1999,8,9,12,0,0,0.183,263,25.54,5.41
1999,8,9,15,0,0,0.188,258,25.53,5.81
1999,8,9,18,0,0,0.18,262,25.21,6.71
1999,8,9,21,0,0,0.138,245,25.19,6.54
1999,8,10,0,0,0,0.169,268,25.62,5.63
1999,8,10,3,0,0,0.236,271,26.27,5.69
1999,8,10,6,0,0,0.211,274,25.45,6.41
1999,8,10,9,0,0,0.174,276,25.23,6.37
1999,8,10,12,0,0,0.21,268,25.52,5.51
1999,8,10,15,0,0,0.188,260,25.25,5.53
1999,8,10,18,0,0,0.197,250,25.31,6.47
1999,8,10,21,0,0,0.158,233,25.24,6.69
1999,8,11,0,0,0,0.139,250,25.48,5.95
1999,8,11,3,0,0,0.198,268,26.62,5.6
1999,8,11,6,0,0,0.229,258,26.74,6.24
1999,8,11,9,0,0,0.19,241,25.58,6.56
1999,8,11,12,0,0,0.168,258,25.75,5.86
1999,8,11,15,0,0,0.214,269,25.94,5.51
1999,8,11,18,0,0,0.178,262,26.15,6.28
1999,8,11,21,0,0,0.222,224,26.31,6.83
1999,8,12,0,0,0,0.159,240,26.76,6.26
1999,8,12,3,0,0,0.196,264,27.01,5.61
1999,8,12,6,0,0,0.208,267,27.03,6.07
1999,8,12,9,0,0,0.203,246,26.98,6.66
1999,8,12,12,0,0,0.206,271,26.46,6.23
1999,8,12,15,0,0,0.193,273,26.23,5.57
1999,8,12,18,0,0,0.241,259,27.88,6.11
1999,8,12,21,0,0,0.207,250,27.37,6.78
1999,8,13,0,0,0,0.18,249,27.23,6.46
1999,8,13,3,0,0,0.202,277,27.21,5.67
1999,8,13,6,0,0,0.221,274,27.19,5.92
1999,8,13,9,0,0,0.199,262,27.25,6.59
1999,8,13,12,0,0,0.148,241,26.47,6.41
1999,8,13,15,0,0,0.143,261,27.55,5.68
1999,8,13,18,0,0,0.169,253,28.92,5.87
1999,8,13,21,0,0,0.163,241,27.03,6.64
1999,8,14,0,0,0,0.152,219,26.98,6.56
1999,8,14,3,0,0,0.163,240,27.16,5.81
1999,8,14,6,0,0,0.175,258,27.11,5.71
1999,8,14,9,0,0,0.175,256,26.93,6.41
1999,8,14,12,0,0,0.109,222,26.47,6.53
1999,8,14,15,0,0,0.178,235,26.89,5.8
1999,8,14,18,0,0,0.171,234,26.67,5.67
1999,8,14,21,0,0,0.167,234,26.48,6.4
1999,8,15,0,0,0,0.162,240,26.18,6.61
1999,8,15,3,0,0,0.141,244,25.94,5.92
1999,8,15,6,0,0,0.15,253,25.87,5.58
1999,8,15,9,0,0,0.127,234,25.65,6.18
1999,8,15,12,0,0,0.152,221,25.65,6.52
1999,8,15,15,0,0,0.134,245,25.56,6.07
1999,8,15,18,0,0,0.131,222,25.94,5.69
1999,8,15,21,0,0,0.137,224,25.65,6.18
1999,8,16,0,0,0,0.132,221,25.56,6.58
1999,8,16,3,0,0,0.068,224,25.53,6.14
1999,8,16,6,0,0,0.118,244,25.63,5.6
1999,8,16,9,0,0,0.12,246,25.56,5.97
1999,8,16,12,0,0,0.123,221,25.56,6.51
1999,8,16,15,0,0,0.094,221,25.6,6.22
1999,8,16,18,0,0,0.119,218,26.04,5.73
1999,8,16,21,0,0,0.128,227,26.48,5.97
1999,8,17,0,0,0,0.088,195,26.31,6.47
1999,8,17,3,0,0,0.102,214,26.11,6.23
1999,8,17,6,0,0,0.088,211,26.26,5.7
1999,8,17,9,0,0,0.117,215,26.17,5.88
1999,8,17,12,0,0,0.151,191,26.46,6.43
1999,8,17,15,0,0,0.129,186,26.64,6.39
1999,8,17,18,0,0,0.088,237,26.45,5.92
1999,8,17,21,0,0,0.094,240,27.91,5.88
1999,8,18,0,0,0,0.148,232,27.8,6.38
1999,8,18,3,0,0,0.098,208,26.45,6.36
1999,8,18,6,0,0,0.085,220,26.13,5.88
1999,8,18,9,0,0,0.074,240,26.16,5.81
1999,8,18,12,0,0,0.099,176,27.43,6.39
1999,8,18,15,0,0,0.126,199,27.83,6.51
1999,8,18,18,0,0,0.093,212,27.87,6.09
1999,8,18,21,0,0,0.1,224,27.83,5.84
1999,8,19,0,0,0,0.105,216,27.8,6.24
1999,8,19,3,0,0,0.096,223,27.56,6.37
1999,8,19,6,0,0,0.079,238,27.68,5.96
1999,8,19,9,0,0,0.085,232,27.67,5.68
1999,8,19,12,0,0,0.092,202,27.69,6.14
1999,8,19,15,0,0,NaN,NaN,NaN,6.48
1999,8,19,18,0,0,NaN,NaN,NaN,6.18
1999,8,19,21,0,0,NaN,NaN,NaN,5.83
1999,8,20,0,0,0,NaN,NaN,NaN,6.09
1999,8,20,3,0,0,NaN,NaN,NaN,6.33
1999,8,20,6,0,0,NaN,NaN,NaN,6.07
1999,8,20,9,0,0,NaN,NaN,NaN,5.6
1999,8,20,12,0,0,NaN,NaN,NaN,5.94
1999,8,20,15,0,0,NaN,NaN,NaN,6.43
1999,8,20,18,0,0,NaN,NaN,NaN,6.25
1999,8,20,21,0,0,NaN,NaN,NaN,5.85
1999,8,21,0,0,0,NaN,NaN,NaN,5.89
1999,8,21,3,0,0,NaN,NaN,NaN,6.21
1999,8,21,6,0,0,NaN,NaN,NaN,6.1
1999,8,21,9,0,0,NaN,NaN,NaN,5.73
1999,8,21,12,0,0,NaN,NaN,NaN,5.79
1999,8,21,15,0,0,NaN,NaN,NaN,6.34
1999,8,21,18,0,0,NaN,NaN,NaN,6.4
1999,8,21,21,0,0,NaN,NaN,NaN,5.93
1999,8,22,0,0,0,NaN,NaN,NaN,5.7
1999,8,22,3,0,0,NaN,NaN,NaN,6.12
1999,8,22,6,0,0,NaN,NaN,NaN,6.24
1999,8,22,9,0,0,NaN,NaN,NaN,5.78
1999,8,22,12,0,0,NaN,NaN,NaN,5.64
1999,8,22,15,0,0,NaN,NaN,NaN,6.23
1999,8,22,18,0,0,NaN,NaN,NaN,6.5
1999,8,22,21,0,0,NaN,NaN,NaN,6.05
1999,8,23,0,0,0,NaN,NaN,NaN,5.74
1999,8,23,3,0,0,NaN,NaN,NaN,6.1
1999,8,23,6,0,0,NaN,NaN,NaN,6.39
1999,8,23,9,0,0,NaN,NaN,NaN,5.97
1999,8,23,12,0,0,NaN,NaN,NaN,5.64
1999,8,23,15,0,0,NaN,NaN,NaN,6.14
1999,8,23,18,0,0,NaN,NaN,NaN,6.62
1999,8,23,21,0,0,NaN,NaN,NaN,6.35
1999,8,24,0,0,0,NaN,NaN,NaN,5.8
1999,8,24,3,0,0,NaN,NaN,NaN,6.06
1999,8,24,6,0,0,NaN,NaN,NaN,6.45
1999,8,24,9,0,0,NaN,NaN,NaN,6.23
1999,8,24,12,0,0,NaN,NaN,NaN,5.71
1999,8,24,15,0,0,NaN,NaN,NaN,5.99
1999,8,24,18,0,0,NaN,NaN,NaN,6.66
1999,8,24,21,0,0,NaN,NaN,NaN,6.51
1999,8,25,0,0,0,NaN,NaN,NaN,5.92
1999,8,25,3,0,0,NaN,NaN,NaN,5.96
1999,8,25,6,0,0,NaN,NaN,NaN,6.42
1999,8,25,9,0,0,NaN,NaN,NaN,6.37
1999,8,25,12,0,0,NaN,NaN,NaN,5.74
1999,8,25,15,0,0,NaN,NaN,NaN,5.78
1999,8,25,18,0,0,NaN,NaN,NaN,6.5
1999,8,25,21,0,0,NaN,NaN,NaN,6.64
1999,8,26,0,0,0,NaN,NaN,NaN,5.95
1999,8,26,3,0,0,NaN,NaN,NaN,5.76
1999,8,26,6,0,0,NaN,NaN,NaN,6.3
1999,8,26,9,0,0,NaN,NaN,NaN,6.45
1999,8,26,12,0,0,NaN,NaN,NaN,5.83
1999,8,26,15,0,0,NaN,NaN,NaN,5.65
1999,8,26,18,0,0,NaN,NaN,NaN,6.35
1999,8,26,21,0,0,NaN,NaN,NaN,6.69
1999,8,27,0,0,0,NaN,NaN,NaN,6.16
1999,8,27,3,0,0,NaN,NaN,NaN,5.68
1999,8,27,6,0,0,NaN,NaN,NaN,6.2
1999,8,27,9,0,0,NaN,NaN,NaN,6.59
1999,8,27,12,0,0,NaN,NaN,NaN,6.05
1999,8,27,15,0,0,NaN,NaN,NaN,5.61
1999,8,27,18,0,0,NaN,NaN,NaN,6.16
1999,8,27,21,0,0,NaN,NaN,NaN,6.71
1999,8,28,0,0,0,NaN,NaN,NaN,6.34
1999,8,28,3,0,0,NaN,NaN,NaN,5.7
1999,8,28,6,0,0,NaN,NaN,NaN,6.09
1999,8,28,9,0,0,NaN,NaN,NaN,6.7
1999,8,28,12,0,0,NaN,NaN,NaN,6.41
1999,8,28,15,0,0,NaN,NaN,NaN,5.75
1999,8,28,18,0,0,NaN,NaN,NaN,6.16
1999,8,28,21,0,0,NaN,NaN,NaN,6.89
1999,8,29,0,0,0,NaN,NaN,NaN,6.65
1999,8,29,3,0,0,NaN,NaN,NaN,5.95
1999,8,29,6,0,0,NaN,NaN,NaN,6.15
1999,8,29,9,0,0,NaN,NaN,NaN,6.79
1999,8,29,12,0,0,NaN,NaN,NaN,6.71
1999,8,29,15,0,0,NaN,NaN,NaN,5.93
1999,8,29,18,0,0,NaN,NaN,NaN,6.02
1999,8,29,21,0,0,NaN,NaN,NaN,6.74
1999,8,30,0,0,0,NaN,NaN,NaN,6.74
1999,8,30,3,0,0,NaN,NaN,NaN,6.08
1999,8,30,6,0,0,NaN,NaN,NaN,5.97
1999,8,30,9,0,0,NaN,NaN,NaN,6.68
1999,8,30,12,0,0,NaN,NaN,NaN,6.83
1999,8,30,15,0,0,NaN,NaN,NaN,6.21
1999,8,30,18,0,0,NaN,NaN,NaN,5.91
1999,8,30,21,0,0,NaN,NaN,NaN,6.51
1999,8,31,0,0,0,NaN,NaN,NaN,6.81
1999,8,31,3,0,0,NaN,NaN,NaN,6.21
1999,8,31,6,0,0,NaN,NaN,NaN,5.85
1999,8,31,9,0,0,NaN,NaN,NaN,6.5
1999,8,31,12,0,0,NaN,NaN,NaN,6.96
1999,8,31,15,0,0,NaN,NaN,NaN,6.55
1999,8,31,18,0,0,NaN,NaN,NaN,5.97
1999,8,31,21,0,0,NaN,NaN,NaN,6.37
1999,9,1,0,0,0,NaN,NaN,NaN,6.86
1999,9,1,3,0,0,NaN,NaN,NaN,6.45
1999,9,1,6,0,0,NaN,NaN,NaN,5.83
1999,9,1,9,0,0,NaN,NaN,NaN,6.27
1999,9,1,12,0,0,NaN,NaN,NaN,6.92
1999,9,1,15,0,0,NaN,NaN,NaN,6.71
1999,9,1,18,0,0,NaN,NaN,NaN,6.02
1999,9,1,21,0,0,NaN,NaN,NaN,6.12
1999,9,2,0,0,0,NaN,NaN,NaN,6.7
1999,9,2,3,0,0,NaN,NaN,NaN,6.62
1999,9,2,6,0,0,NaN,NaN,NaN,5.97
1999,9,2,9,0,0,NaN,NaN,NaN,6.03
1999,9,2,12,0,0,NaN,NaN,NaN,6.76
1999,9,2,15,0,0,NaN,NaN,NaN,6.85
1999,9,2,18,0,0,NaN,NaN,NaN,6.26
1999,9,2,21,0,0,NaN,NaN,NaN,6.04
1999,9,3,0,0,0,NaN,NaN,NaN,6.59
1999,9,3,3,0,0,NaN,NaN,NaN,6.76
1999,9,3,6,0,0,NaN,NaN,NaN,6.19
1999,9,3,9,0,0,NaN,NaN,NaN,5.97
1999,9,3,12,0,0,NaN,NaN,NaN,6.58
1999,9,3,15,0,0,NaN,NaN,NaN,7.02
1999,9,3,18,0,0,NaN,NaN,NaN,6.65
1999,9,3,21,0,0,NaN,NaN,NaN,6.18
1999,9,4,0,0,0,NaN,NaN,NaN,6.5
1999,9,4,3,0,0,NaN,NaN,NaN,6.9
1999,9,4,6,0,0,NaN,NaN,NaN,6.52
1999,9,4,9,0,0,NaN,NaN,NaN,6.01
1999,9,4,12,0,0,NaN,NaN,NaN,6.4
1999,9,4,15,0,0,NaN,NaN,NaN,7.02
1999,9,4,18,0,0,NaN,NaN,NaN,6.9
1999,9,4,21,0,0,NaN,NaN,NaN,6.23
1999,9,5,0,0,0,NaN,NaN,NaN,6.26
1999,9,5,3,0,0,NaN,NaN,NaN,6.74
1999,9,5,6,0,0,NaN,NaN,NaN,6.65
1999,9,5,9,0,0,NaN,NaN,NaN,6.01
1999,9,5,12,0,0,NaN,NaN,NaN,6.06
1999,9,5,15,0,0,NaN,NaN,NaN,6.79
1999,9,5,18,0,0,NaN,NaN,NaN,6.99
1999,9,5,21,0,0,NaN,NaN,NaN,6.3
1999,9,6,0,0,0,NaN,NaN,NaN,5.97
1999,9,6,3,0,0,NaN,NaN,NaN,6.48
1999,9,6,6,0,0,NaN,NaN,NaN,6.66
1999,9,6,9,0,0,NaN,NaN,NaN,6.11
1999,9,6,12,0,0,NaN,NaN,NaN,5.77
1999,9,6,15,0,0,NaN,NaN,NaN,6.43
1999,9,6,18,0,0,NaN,NaN,NaN,6.92
1999,9,6,21,0,0,NaN,NaN,NaN,6.48
1999,9,7,0,0,0,NaN,NaN,NaN,5.81
1999,9,7,3,0,0,NaN,NaN,NaN,6.13
1999,9,7,6,0,0,NaN,NaN,NaN,6.68
1999,9,7,9,0,0,NaN,NaN,NaN,6.28
1999,9,7,12,0,0,NaN,NaN,NaN,5.7
1999,9,7,15,0,0,NaN,NaN,NaN,6.14
1999,9,7,18,0,0,NaN,NaN,NaN,6.79
1999,9,7,21,0,0,NaN,NaN,NaN,6.59
1999,9,8,0,0,0,NaN,NaN,NaN,5.82
1999,9,8,3,0,0,NaN,NaN,NaN,5.95
1999,9,8,6,0,0,NaN,NaN,NaN,6.65
1999,9,8,9,0,0,NaN,NaN,NaN,6.55
1999,9,8,12,0,0,NaN,NaN,NaN,5.75
1999,9,8,15,0,0,NaN,NaN,NaN,5.84
1999,9,8,18,0,0,NaN,NaN,NaN,6.65
1999,9,8,21,0,0,NaN,NaN,NaN,6.78
1999,9,9,0,0,0,NaN,NaN,NaN,6.05
1999,9,9,3,0,0,NaN,NaN,NaN,5.83
1999,9,9,6,0,0,NaN,NaN,NaN,6.48
1999,9,9,9,0,0,NaN,NaN,NaN,6.72
1999,9,9,12,0,0,NaN,NaN,NaN,6.04
1999,9,9,15,0,0,NaN,NaN,NaN,5.76
1999,9,9,18,0,0,NaN,NaN,NaN,6.46
1999,9,9,21,0,0,NaN,NaN,NaN,6.91
1999,9,10,0,0,0,NaN,NaN,NaN,6.29
1999,9,10,3,0,0,NaN,NaN,NaN,5.8
1999,9,10,6,0,0,NaN,NaN,NaN,6.41
1999,9,10,9,0,0,NaN,NaN,NaN,6.81
1999,9,10,12,0,0,NaN,NaN,NaN,6.26
1999,9,10,15,0,0,NaN,NaN,NaN,5.78
1999,9,10,18,0,0,NaN,NaN,NaN,6.27
1999,9,10,21,0,0,NaN,NaN,NaN,6.89
1999,9,11,0,0,0,NaN,NaN,NaN,6.48
1999,9,11,3,0,0,NaN,NaN,NaN,5.82
1999,9,11,6,0,0,NaN,NaN,NaN,6.21
1999,9,11,9,0,0,NaN,NaN,NaN,6.86
1999,9,11,12,0,0,NaN,NaN,NaN,6.55
1999,9,11,15,0,0,NaN,NaN,NaN,5.84
1999,9,11,18,0,0,NaN,NaN,NaN,6.18
1999,9,11,21,0,0,NaN,NaN,NaN,6.76
1999,9,12,0,0,0,NaN,NaN,NaN,6.59
1999,9,12,3,0,0,NaN,NaN,NaN,5.95
1999,9,12,6,0,0,NaN,NaN,NaN,6.07
1999,9,12,9,0,0,NaN,NaN,NaN,6.74
1999,9,12,12,0,0,NaN,NaN,NaN,6.66
1999,9,12,15,0,0,NaN,NaN,NaN,6.04
1999,9,12,18,0,0,NaN,NaN,NaN,6.06
1999,9,12,21,0,0,NaN,NaN,NaN,6.68
1999,9,13,0,0,0,NaN,NaN,NaN,6.76
1999,9,13,3,0,0,NaN,NaN,NaN,6.15
1999,9,13,6,0,0,NaN,NaN,NaN,6.07
1999,9,13,9,0,0,NaN,NaN,NaN,6.71
1999,9,13,12,0,0,NaN,NaN,NaN,6.87
1999,9,13,15,0,0,NaN,NaN,NaN,6.33
1999,9,13,18,0,0,NaN,NaN,NaN,6.11
1999,9,13,21,0,0,NaN,NaN,NaN,6.59
1999,9,14,0,0,0,NaN,NaN,NaN,6.82
1999,9,14,3,0,0,NaN,NaN,NaN,6.42
1999,9,14,6,0,0,NaN,NaN,NaN,6.22
1999,9,14,9,0,0,NaN,NaN,NaN,6.71
1999,9,14,12,0,0,NaN,NaN,NaN,7.06
1999,9,14,15,0,0,NaN,NaN,NaN,6.75
1999,9,14,18,0,0,NaN,NaN,NaN,6.49
1999,9,14,21,0,0,NaN,NaN,NaN,6.9
1999,9,15,0,0,0,NaN,NaN,NaN,7.32
1999,9,15,3,0,0,NaN,NaN,NaN,NaN
1999,9,15,6,0,0,NaN,NaN,NaN,NaN
1999,9,15,9,0,0,NaN,NaN,NaN,NaN
1999,9,15,12,0,0,NaN,NaN,NaN,NaN
1999,9,15,15,0,0,NaN,NaN,NaN,NaN
1999,9,15,18,0,0,NaN,NaN,NaN,NaN
1999,9,15,21,0,0,NaN,NaN,NaN,NaN
1999,9,16,0,0,0,NaN,NaN,NaN,NaN
1999,9,16,3,0,0,NaN,NaN,NaN,NaN
1999,9,16,6,0,0,NaN,NaN,NaN,NaN
1999,9,16,9,0,0,NaN,NaN,NaN,NaN
1999,9,16,12,0,0,NaN,NaN,NaN,NaN
1999,9,16,15,0,0,NaN,NaN,NaN,NaN
1999,9,16,18,0,0,NaN,NaN,NaN,NaN
1999,9,16,21,0,0,NaN,NaN,NaN,NaN
1999,9,17,0,0,0,NaN,NaN,NaN,NaN
1999,9,17,3,0,0,NaN,NaN,NaN,NaN
1999,9,17,6,0,0,NaN,NaN,NaN,NaN
1999,9,17,9,0,0,NaN,NaN,NaN,NaN
1999,9,17,12,0,0,NaN,NaN,NaN,NaN
1999,9,17,15,0,0,NaN,NaN,NaN,NaN
1999,9,17,18,0,0,NaN,NaN,NaN,NaN
1999,9,17,21,0,0,0.265,164,NaN,NaN
1999,9,18,0,0,0,0.116,140,27.78,NaN
1999,10,19,12,0,0,NaN,NaN,NaN,6.74
1999,10,25,12,0,0,0.034,182,NaN,NaN
1999,10,25,15,0,0,0.056,202,24.93,NaN
1999,10,25,18,0,0,0.057,211,25.08,NaN
1999,10,25,21,0,0,0.065,196,25.15,NaN
1999,10,26,0,0,0,0.087,234,25.15,NaN
1999,10,26,3,0,0,0.076,253,25.12,NaN
1999,10,26,6,0,0,0.079,253,25.11,NaN
1999,10,26,9,0,0,NaN,311,25.17,NaN
1999,10,26,12,0,0,NaN,276,NaN,NaN
1999,10,26,15,0,0,0.06,217,25.14,NaN
1999,10,26,18,0,0,0.072,271,25.16,NaN
1999,10,26,21,0,0,0.063,248,25.17,NaN
1999,10,27,0,0,0,0.076,160,25.15,NaN
1999,10,27,3,0,0,0.08,202,24.77,NaN
1999,10,27,6,0,0,0.085,189,24.59,NaN
1999,10,27,9,0,0,0.206,172,24.42,NaN
1999,10,27,12,0,0,0.273,171,24.42,NaN
1999,10,27,15,0,0,0.171,163,24.44,NaN
1999,10,27,18,0,0,0.148,165,24.22,NaN
1999,10,27,21,0,0,0.104,168,24.31,NaN
1999,10,28,0,0,0,0.099,163,24.2,NaN
1999,10,28,3,0,0,0.064,172,24.1,NaN
1999,10,28,6,0,0,0.088,207,24.1,NaN
1999,10,28,9,0,0,0.076,210,24.06,NaN
1999,10,28,12,0,0,0.111,188,24.15,NaN
1999,10,28,15,0,0,0.065,279,24.26,NaN
1999,10,28,18,0,0,0.08,215,24.27,NaN
1999,10,28,21,0,0,0.062,258,24.3,NaN
1999,10,29,0,0,0,0.064,231,24.44,NaN
1999,10,29,3,0,0,0.078,213,24.38,NaN
1999,10,29,6,0,0,0.066,211,24.32,NaN
1999,10,29,9,0,0,0.084,205,24.23,NaN
1999,10,29,12,0,0,0.119,182,24.19,NaN
1999,10,29,15,0,0,0.087,177,24.38,NaN
1999,10,29,18,0,0,0.079,185,24.44,NaN
1999,10,29,21,0,0,0.062,230,24.47,NaN
1999,10,30,0,0,0,NaN,NaN,24.5,NaN
1999,10,30,3,0,0,0.062,276,24.54,NaN
1999,10,30,6,0,0,0.083,196,24.54,NaN
1999,10,30,9,0,0,0.108,224,24.53,NaN
1999,10,30,12,0,0,NaN,NaN,24.72,NaN
1999,12,10,15,0,0,0.087,171,21.03,NaN
1999,12,10,18,0,0,0.084,168,20.95,NaN
1999,12,10,21,0,0,0.061,174,20.95,NaN
1999,12,11,0,0,0,0.046,185,20.95,NaN
1999,12,11,3,0,0,0.031,213,21,NaN
1999,12,11,6,0,0,0.074,181,21.03,NaN
1999,12,11,9,0,0,0.087,169,21.05,NaN
1999,12,11,12,0,0,0.114,151,20.88,NaN
1999,12,11,15,0,0,0.115,145,20.89,NaN
1999,12,11,18,0,0,0.053,140,21.24,NaN
1999,12,11,21,0,0,0.047,159,21.22,NaN
1999,12,12,0,0,0,0.046,160,21.19,NaN
1999,12,12,3,0,0,0.048,184,21.21,NaN
1999,12,12,6,0,0,0.094,181,21.16,NaN
1999,12,12,9,0,0,0.126,178,21.18,NaN
1999,12,12,12,0,0,0.167,170,21.18,NaN
1999,12,12,15,0,0,0.148,164,21.11,NaN
1999,12,12,18,0,0,0.099,162,21.17,NaN
1999,12,12,21,0,0,0.081,173,21.11,NaN
1999,12,13,0,0,0,0.04,183,21.06,NaN
1999,12,13,3,0,0,0.103,174,21,NaN
1999,12,13,6,0,0,0.103,180,21.02,NaN
1999,12,13,9,0,0,0.11,175,21.04,NaN
1999,12,13,12,0,0,0.102,181,NaN,NaN
1999,12,13,15,0,0,0.07,182,21.14,NaN
1999,12,13,18,0,0,0.032,191,21.19,NaN
1999,12,13,21,0,0,0.06,185,21.16,NaN
1999,12,14,0,0,0,0.062,206,21.17,NaN
1999,12,14,3,0,0,0.056,205,21.17,NaN
1999,12,14,6,0,0,0.081,192,21.15,NaN
1999,12,14,9,0,0,0.125,180,21.14,NaN
1999,12,14,12,0,0,0.14,175,21.22,NaN
1999,12,14,15,0,0,0.114,161,21.16,NaN
1999,12,14,18,0,0,0.093,136,21.39,NaN
1999,12,14,21,0,0,0.01,160,21.4,NaN
1999,12,15,0,0,0,0.025,204,21.24,NaN
1999,12,15,3,0,0,0.028,168,21.23,NaN
1999,12,15,6,0,0,0.038,157,21.28,NaN
1999,12,15,9,0,0,0.097,163,21.2,NaN
1999,12,15,12,0,0,0.162,157,21.14,NaN
1999,12,15,15,0,0,0.225,159,21.1,NaN
1999,12,15,18,0,0,0.192,160,21.06,NaN
1999,12,15,21,0,0,0.106,157,20.98,NaN
1999,12,16,0,0,0,0.11,164,20.94,NaN
1999,12,16,3,0,0,0.128,161,20.84,NaN
1999,12,16,6,0,0,0.122,160,20.72,NaN
1999,12,16,9,0,0,0.099,164,20.72,NaN
1999,12,16,12,0,0,0.156,159,20.74,NaN
1999,12,16,15,0,0,0.303,159,20.79,NaN
1999,12,16,18,0,0,0.366,158,20.78,NaN
1999,12,16,21,0,0,0.295,155,20.66,NaN
1999,12,17,0,0,0,0.267,156,20.59,NaN
1999,12,17,3,0,0,0.314,158,20.59,NaN
1999,12,17,6,0,0,0.308,156,20.51,NaN
1999,12,17,9,0,0,0.23,153,20.4,NaN
1999,12,17,12,0,0,0.165,153,20.33,NaN
1999,12,17,15,0,0,0.151,150,20.51,NaN
1999,12,17,18,0,0,0.128,148,20.62,NaN
1999,12,17,21,0,0,0.107,158,20.67,NaN
1999,12,18,0,0,0,0.165,163,20.67,NaN
1999,12,18,3,0,0,0.258,157,20.58,NaN
1999,12,18,6,0,0,0.363,160,20.53,NaN
1999,12,18,9,0,0,0.335,159,20.4,NaN
1999,12,18,12,0,0,0.243,157,20.33,NaN
1999,12,18,15,0,0,0.295,160,20.41,NaN
1999,12,18,18,0,0,0.358,162,20.3,NaN
1999,12,18,21,0,0,0.258,159,20.17,NaN
1999,12,19,0,0,0,0.214,159,20.13,NaN
1999,12,19,3,0,0,0.178,166,20.38,NaN
1999,12,19,6,0,0,0.169,168,20.55,NaN
1999,12,19,9,0,0,0.121,172,20.53,NaN
1999,12,19,12,0,0,0.034,223,20.65,NaN
1999,12,19,15,0,0,0.055,316,20.72,NaN
1999,12,19,18,0,0,0.047,319,20.78,NaN
1999,12,19,21,0,0,0.011,127,20.8,NaN
1999,12,20,0,0,0,0.048,144,20.78,NaN
1999,12,20,3,0,0,0.078,152,20.73,NaN
1999,12,20,6,0,0,0.204,159,20.79,NaN
1999,12,20,9,0,0,0.242,161,20.7,NaN
1999,12,20,12,0,0,0.171,157,20.63,NaN
1999,12,20,15,0,0,0.171,156,20.71,NaN
1999,12,20,18,0,0,0.205,158,20.79,NaN
1999,12,20,21,0,0,0.203,159,20.75,NaN
1999,12,21,0,0,0,0.124,154,20.74,NaN
1999,12,21,3,0,0,0.1,158,20.74,NaN
1999,12,21,6,0,0,0.15,164,20.74,NaN
1999,12,21,9,0,0,0.17,166,20.72,NaN
1999,12,21,12,0,0,0.102,169,20.72,NaN
1999,12,21,15,0,0,0.023,249,20.72,NaN
1999,12,21,18,0,0,0.044,319,20.73,NaN
1999,12,21,21,0,0,0.041,321,20.75,NaN
1999,12,22,0,0,0,0.018,267,20.77,NaN
1999,12,22,3,0,0,0.113,180,20.81,NaN
1999,12,22,6,0,0,0.144,174,20.83,NaN
1999,12,22,9,0,0,0.204,165,20.84,NaN
1999,12,22,12,0,0,0.182,162,20.77,NaN
1999,12,22,15,0,0,0.106,162,20.79,NaN
1999,12,22,18,0,0,0.084,155,21.07,NaN
1999,12,22,21,0,0,0.097,166,21.55,NaN
1999,12,23,0,0,0,0.039,167,21.3,NaN
1999,12,23,3,0,0,0.071,164,21.54,NaN
1999,12,23,6,0,0,0.232,161,21.44,NaN
1999,12,23,9,0,0,0.339,164,21.38,NaN
1999,12,23,12,0,0,0.341,161,21.58,NaN
1999,12,23,15,0,0,0.22,161,21.6,NaN
1999,12,23,18,0,0,0.229,156,21.57,NaN
1999,12,23,21,0,0,0.358,160,21.44,NaN
1999,12,24,0,0,0,0.369,159,21.38,NaN
1999,12,24,3,0,0,0.291,158,21.27,NaN
1999,12,24,6,0,0,0.268,155,21.05,NaN
1999,12,24,9,0,0,0.366,162,20.94,NaN
1999,12,24,12,0,0,0.406,159,20.86,NaN
1999,12,24,15,0,0,0.29,155,20.75,NaN
1999,12,24,18,0,0,0.184,154,20.82,NaN
1999,12,24,21,0,0,0.16,154,20.61,NaN
1999,12,25,0,0,0,0.155,155,20.75,NaN
1999,12,25,3,0,0,0.125,158,20.41,NaN
1999,12,25,6,0,0,0.118,153,19.99,NaN
1999,12,25,9,0,0,0.205,158,20.06,NaN
1999,12,25,12,0,0,0.323,159,20.3,NaN
1999,12,25,15,0,0,0.335,160,20.36,NaN
1999,12,25,18,0,0,0.301,156,20.24,NaN
1999,12,25,21,0,0,0.439,159,19.8,NaN
1999,12,26,0,0,0,0.526,160,19.67,NaN
1999,12,26,3,0,0,0.413,157,18.95,NaN
1999,12,26,6,0,0,0.268,155,18.6,NaN
1999,12,26,9,0,0,0.3,157,18.72,NaN
1999,12,26,12,0,0,0.401,162,18.63,NaN
1999,12,26,15,0,0,0.387,158,18.72,NaN
1999,12,26,18,0,0,0.241,152,18.96,NaN
1999,12,26,21,0,0,0.144,158,18.58,NaN
1999,12,27,0,0,0,0.041,126,18.42,NaN
1999,12,27,3,0,0,0.015,179,18.77,NaN
1999,12,27,6,0,0,0.125,190,19.21,NaN
1999,12,27,9,0,0,0.2,169,19.47,NaN
1999,12,27,12,0,0,0.154,166,19.2,NaN
1999,12,27,15,0,0,0.083,168,19.11,NaN
1999,12,27,18,0,0,0.017,252,19.22,NaN
1999,12,27,21,0,0,0.068,180,19.24,NaN
1999,12,28,0,0,0,0.082,186,19.3,NaN
1999,12,28,3,0,0,0.063,159,19.23,NaN
1999,12,28,6,0,0,0.059,175,19.21,NaN
1999,12,28,9,0,0,0.238,172,19.68,NaN
1999,12,28,12,0,0,0.232,166,19.77,NaN
1999,12,28,15,0,0,0.197,168,19.72,NaN
1999,12,28,18,0,0,0.14,172,19.68,NaN
1999,12,28,21,0,0,0.08,170,19.55,NaN
1999,12,29,0,0,0,0.079,170,19.46,NaN
1999,12,29,3,0,0,0.088,168,19.36,NaN
1999,12,29,6,0,0,0.064,163,19.21,NaN
1999,12,29,9,0,0,0.045,169,19.14,NaN
1999,12,29,12,0,0,0.058,141,18.88,NaN
1999,12,29,15,0,0,0.086,141,19,NaN
1999,12,29,18,0,0,0.043,155,19.32,NaN
1999,12,29,21,0,0,0.045,173,19.17,NaN
1999,12,30,0,0,0,0.055,169,19.09,NaN
1999,12,30,3,0,0,0.027,169,19.06,NaN
1999,12,30,6,0,0,0.018,264,18.93,NaN
1999,12,30,9,0,0,0.057,189,18.92,NaN
1999,12,30,12,0,0,0.153,171,19.01,NaN
1999,12,30,15,0,0,0.163,167,19.01,NaN
1999,12,30,18,0,0,0.111,168,19.08,NaN
1999,12,30,21,0,0,0.125,169,19.07,NaN
1999,12,31,0,0,0,0.146,172,19.06,NaN
1999,12,31,3,0,0,0.146,176,18.98,NaN
1999,12,31,6,0,0,0.084,179,18.92,NaN
1999,12,31,9,0,0,0.03,192,18.87,NaN
1999,12,31,12,0,0,0.055,200,19.18,NaN
1999,12,31,15,0,0,0.061,191,19.4,NaN
1999,12,31,18,0,0,0.032,187,19.43,NaN
1999,12,31,21,0,0,0.072,174,19.44,NaN
